timestamp,tank_level_m3,tank_level_pct,pump_running,pump_flow_m3h,consumption_m3h,network_pressure_bar,turbidity_raw_ntu,turbidity_clean_ntu,daily_consumption_m3,active_faults
2026-09-01T00:00:00,59.98,60.0,0,0.0,1.23,3.92,0.148,0.066,0.02,
2026-09-01T00:01:00,59.96,60.0,0,0.0,1.13,3.96,0.15,0.066,0.04,
2026-09-01T00:02:00,59.94,59.9,0,0.0,1.29,3.92,0.149,0.066,0.06,
2026-09-01T00:03:00,59.92,59.9,0,0.0,1.09,3.93,0.149,0.066,0.08,
2026-09-01T00:04:00,59.9,59.9,0,0.0,1.09,3.93,0.15,0.066,0.1,
2026-09-01T00:05:00,59.88,59.9,0,0.0,1.21,3.93,0.151,0.066,0.12,
2026-09-01T00:06:00,59.86,59.9,0,0.0,1.27,3.91,0.154,0.066,0.14,
2026-09-01T00:07:00,59.84,59.8,0,0.0,1.25,3.93,0.151,0.066,0.16,
2026-09-01T00:08:00,59.82,59.8,0,0.0,1.31,3.93,0.147,0.066,0.18,
2026-09-01T00:09:00,59.8,59.8,0,0.0,1.1,3.97,0.148,0.066,0.2,
2026-09-01T00:10:00,59.78,59.8,0,0.0,1.27,3.96,0.148,0.066,0.22,
2026-09-01T00:11:00,59.76,59.8,0,0.0,1.31,3.93,0.149,0.066,0.24,
2026-09-01T00:12:00,59.74,59.7,0,0.0,1.28,3.95,0.152,0.066,0.26,
2026-09-01T00:13:00,59.72,59.7,0,0.0,1.22,3.96,0.148,0.066,0.28,
2026-09-01T00:14:00,59.7,59.7,0,0.0,1.13,3.94,0.144,0.066,0.3,
2026-09-01T00:15:00,59.68,59.7,0,0.0,1.14,3.92,0.142,0.066,0.32,
2026-09-01T00:16:00,59.66,59.7,0,0.0,1.23,3.94,0.14,0.066,0.34,
2026-09-01T00:17:00,59.64,59.6,0,0.0,1.13,3.94,0.145,0.066,0.36,
2026-09-01T00:18:00,59.62,59.6,0,0.0,1.24,3.95,0.141,0.066,0.38,
2026-09-01T00:19:00,59.6,59.6,0,0.0,1.25,3.92,0.14,0.066,0.4,
2026-09-01T00:20:00,59.57,59.6,0,0.0,1.32,3.95,0.141,0.066,0.43,
2026-09-01T00:21:00,59.55,59.6,0,0.0,1.24,3.96,0.144,0.066,0.45,
2026-09-01T00:22:00,59.54,59.5,0,0.0,1.13,3.92,0.142,0.066,0.46,
2026-09-01T00:23:00,59.52,59.5,0,0.0,1.14,3.93,0.146,0.066,0.48,
2026-09-01T00:24:00,59.49,59.5,0,0.0,1.29,3.93,0.148,0.066,0.51,
2026-09-01T00:25:00,59.48,59.5,0,0.0,1.17,3.97,0.147,0.066,0.52,
2026-09-01T00:26:00,59.46,59.5,0,0.0,1.14,3.93,0.148,0.066,0.54,
2026-09-01T00:27:00,59.44,59.4,0,0.0,1.14,3.95,0.152,0.066,0.56,
2026-09-01T00:28:00,59.42,59.4,0,0.0,1.18,3.93,0.157,0.066,0.58,
2026-09-01T00:29:00,59.4,59.4,0,0.0,1.2,3.92,0.152,0.066,0.6,
2026-09-01T00:30:00,59.38,59.4,0,0.0,1.11,3.96,0.155,0.066,0.62,
2026-09-01T00:31:00,59.36,59.4,0,0.0,1.18,3.92,0.154,0.067,0.64,
2026-09-01T00:32:00,59.34,59.3,0,0.0,1.32,3.94,0.159,0.067,0.66,
2026-09-01T00:33:00,59.32,59.3,0,0.0,1.29,3.91,0.161,0.067,0.68,
2026-09-01T00:34:00,59.3,59.3,0,0.0,1.24,3.95,0.159,0.068,0.7,
2026-09-01T00:35:00,59.27,59.3,0,0.0,1.23,3.92,0.158,0.068,0.73,
2026-09-01T00:36:00,59.25,59.3,0,0.0,1.19,3.97,0.162,0.069,0.75,
2026-09-01T00:37:00,59.24,59.2,0,0.0,1.14,3.95,0.159,0.068,0.76,
2026-09-01T00:38:00,59.21,59.2,0,0.0,1.3,3.96,0.157,0.066,0.79,
2026-09-01T00:39:00,59.19,59.2,0,0.0,1.23,3.95,0.153,0.067,0.81,
2026-09-01T00:40:00,59.17,59.2,0,0.0,1.26,3.95,0.156,0.067,0.83,
2026-09-01T00:41:00,59.15,59.2,0,0.0,1.21,3.92,0.154,0.067,0.85,
2026-09-01T00:42:00,59.13,59.1,0,0.0,1.08,3.98,0.158,0.069,0.87,
2026-09-01T00:43:00,59.11,59.1,0,0.0,1.28,3.93,0.154,0.067,0.89,
2026-09-01T00:44:00,59.09,59.1,0,0.0,1.29,3.97,0.15,0.065,0.91,
2026-09-01T00:45:00,59.07,59.1,0,0.0,1.2,3.92,0.152,0.064,0.93,
2026-09-01T00:46:00,59.05,59.1,0,0.0,1.26,3.92,0.152,0.063,0.95,
2026-09-01T00:47:00,59.03,59.0,0,0.0,1.21,3.93,0.156,0.065,0.97,
2026-09-01T00:48:00,59.01,59.0,0,0.0,1.18,3.93,0.156,0.064,0.99,
2026-09-01T00:49:00,58.99,59.0,0,0.0,1.26,3.93,0.154,0.063,1.01,
2026-09-01T00:50:00,58.97,59.0,0,0.0,1.32,3.95,0.154,0.063,1.03,
2026-09-01T00:51:00,58.95,58.9,0,0.0,1.2,3.92,0.151,0.065,1.05,
2026-09-01T00:52:00,58.93,58.9,0,0.0,1.16,3.95,0.148,0.064,1.07,
2026-09-01T00:53:00,58.91,58.9,0,0.0,1.13,3.92,0.15,0.066,1.09,
2026-09-01T00:54:00,58.89,58.9,0,0.0,1.13,3.97,0.153,0.066,1.11,
2026-09-01T00:55:00,58.87,58.9,0,0.0,1.1,3.93,0.155,0.066,1.13,
2026-09-01T00:56:00,58.85,58.9,0,0.0,1.13,3.93,0.159,0.067,1.15,
2026-09-01T00:57:00,58.83,58.8,0,0.0,1.22,3.94,0.162,0.068,1.17,
2026-09-01T00:58:00,58.81,58.8,0,0.0,1.27,3.92,0.158,0.071,1.19,
2026-09-01T00:59:00,58.79,58.8,0,0.0,1.18,3.94,0.158,0.069,1.21,
2026-09-01T01:00:00,58.77,58.8,0,0.0,1.25,3.95,0.163,0.07,1.23,
2026-09-01T01:01:00,58.75,58.8,0,0.0,1.1,3.94,0.161,0.069,1.25,
2026-09-01T01:02:00,58.73,58.7,0,0.0,1.29,3.93,0.158,0.071,1.27,
2026-09-01T01:03:00,58.71,58.7,0,0.0,1.19,3.94,0.156,0.072,1.29,
2026-09-01T01:04:00,58.69,58.7,0,0.0,1.14,3.97,0.155,0.071,1.31,
2026-09-01T01:05:00,58.67,58.7,0,0.0,1.29,3.95,0.151,0.071,1.33,
2026-09-01T01:06:00,58.65,58.6,0,0.0,1.32,3.96,0.155,0.073,1.35,
2026-09-01T01:07:00,58.63,58.6,0,0.0,1.3,3.96,0.152,0.071,1.37,
2026-09-01T01:08:00,58.61,58.6,0,0.0,1.2,3.93,0.151,0.071,1.39,
2026-09-01T01:09:00,58.59,58.6,0,0.0,1.09,3.94,0.156,0.069,1.41,
2026-09-01T01:10:00,58.57,58.6,0,0.0,1.14,3.97,0.156,0.07,1.43,
2026-09-01T01:11:00,58.55,58.6,0,0.0,1.18,3.97,0.16,0.069,1.45,
2026-09-01T01:12:00,58.53,58.5,0,0.0,1.21,3.96,0.157,0.071,1.47,
2026-09-01T01:13:00,58.51,58.5,0,0.0,1.15,3.98,0.158,0.069,1.49,
2026-09-01T01:14:00,58.49,58.5,0,0.0,1.21,3.96,0.153,0.067,1.51,
2026-09-01T01:15:00,58.47,58.5,0,0.0,1.22,3.95,0.157,0.068,1.53,
2026-09-01T01:16:00,58.45,58.5,0,0.0,1.12,3.98,0.153,0.068,1.55,
2026-09-01T01:17:00,58.43,58.4,0,0.0,1.12,3.96,0.155,0.07,1.57,
2026-09-01T01:18:00,58.41,58.4,0,0.0,1.14,3.93,0.158,0.07,1.59,
2026-09-01T01:19:00,58.4,58.4,0,0.0,1.14,3.95,0.16,0.069,1.6,
2026-09-01T01:20:00,58.38,58.4,0,0.0,1.18,3.95,0.16,0.069,1.62,
2026-09-01T01:21:00,58.35,58.4,0,0.0,1.3,3.92,0.162,0.068,1.65,
2026-09-01T01:22:00,58.33,58.3,0,0.0,1.14,3.94,0.164,0.067,1.67,
2026-09-01T01:23:00,58.32,58.3,0,0.0,1.15,3.94,0.166,0.067,1.68,
2026-09-01T01:24:00,58.3,58.3,0,0.0,1.1,3.95,0.171,0.069,1.7,
2026-09-01T01:25:00,58.28,58.3,0,0.0,1.32,3.92,0.169,0.07,1.72,
2026-09-01T01:26:00,58.26,58.3,0,0.0,1.14,3.97,0.172,0.072,1.74,
2026-09-01T01:27:00,58.23,58.2,0,0.0,1.29,3.93,0.169,0.073,1.77,
2026-09-01T01:28:00,58.21,58.2,0,0.0,1.28,3.95,0.17,0.071,1.79,
2026-09-01T01:29:00,58.19,58.2,0,0.0,1.32,3.95,0.165,0.071,1.81,
2026-09-01T01:30:00,58.17,58.2,0,0.0,1.28,3.93,0.167,0.073,1.83,
2026-09-01T01:31:00,58.15,58.1,0,0.0,1.31,3.92,0.163,0.072,1.85,
2026-09-01T01:32:00,58.13,58.1,0,0.0,1.11,3.95,0.161,0.071,1.87,
2026-09-01T01:33:00,58.11,58.1,0,0.0,1.23,3.96,0.158,0.07,1.89,
2026-09-01T01:34:00,58.09,58.1,0,0.0,1.23,3.93,0.158,0.07,1.91,
2026-09-01T01:35:00,58.07,58.1,0,0.0,1.3,3.96,0.154,0.068,1.93,
2026-09-01T01:36:00,58.05,58.0,0,0.0,1.18,3.93,0.149,0.07,1.95,
2026-09-01T01:37:00,58.03,58.0,0,0.0,1.27,3.95,0.146,0.068,1.97,
2026-09-01T01:38:00,58.01,58.0,0,0.0,1.26,3.95,0.146,0.068,1.99,
2026-09-01T01:39:00,57.99,58.0,0,0.0,1.08,3.93,0.149,0.07,2.01,
2026-09-01T01:40:00,57.97,58.0,0,0.0,1.3,3.94,0.153,0.07,2.03,
2026-09-01T01:41:00,57.95,57.9,0,0.0,1.22,3.92,0.149,0.072,2.05,
2026-09-01T01:42:00,57.93,57.9,0,0.0,1.15,3.97,0.152,0.071,2.07,
2026-09-01T01:43:00,57.9,57.9,0,0.0,1.29,3.97,0.149,0.071,2.1,
2026-09-01T01:44:00,57.89,57.9,0,0.0,1.14,3.92,0.152,0.069,2.11,
2026-09-01T01:45:00,57.86,57.9,0,0.0,1.29,3.94,0.153,0.071,2.14,
2026-09-01T01:46:00,57.85,57.8,0,0.0,1.12,3.98,0.157,0.069,2.15,
2026-09-01T01:47:00,57.82,57.8,0,0.0,1.31,3.96,0.161,0.07,2.18,
2026-09-01T01:48:00,57.81,57.8,0,0.0,1.09,3.97,0.159,0.071,2.19,
2026-09-01T01:49:00,57.78,57.8,0,0.0,1.3,3.96,0.163,0.072,2.22,
2026-09-01T01:50:00,57.76,57.8,0,0.0,1.27,3.93,0.166,0.072,2.24,
2026-09-01T01:51:00,57.74,57.7,0,0.0,1.11,3.97,0.169,0.073,2.26,
2026-09-01T01:52:00,57.73,57.7,0,0.0,1.13,3.97,0.169,0.074,2.27,
2026-09-01T01:53:00,57.71,57.7,0,0.0,1.15,3.97,0.166,0.075,2.29,
2026-09-01T01:54:00,57.69,57.7,0,0.0,1.09,3.93,0.164,0.077,2.31,
2026-09-01T01:55:00,57.67,57.7,0,0.0,1.29,3.97,0.162,0.076,2.33,
2026-09-01T01:56:00,57.65,57.6,0,0.0,1.23,3.94,0.167,0.078,2.35,
2026-09-01T01:57:00,57.63,57.6,0,0.0,1.21,3.97,0.163,0.076,2.37,
2026-09-01T01:58:00,57.6,57.6,0,0.0,1.31,3.92,0.168,0.077,2.4,
2026-09-01T01:59:00,57.58,57.6,0,0.0,1.14,3.93,0.167,0.074,2.42,
2026-09-01T02:00:00,57.56,57.6,0,0.0,1.26,3.93,0.168,0.075,2.44,
2026-09-01T02:01:00,57.54,57.5,0,0.0,1.2,3.94,0.169,0.073,2.46,
2026-09-01T02:02:00,57.52,57.5,0,0.0,1.14,3.96,0.164,0.072,2.48,
2026-09-01T02:03:00,57.5,57.5,0,0.0,1.3,3.94,0.166,0.071,2.5,
2026-09-01T02:04:00,57.48,57.5,0,0.0,1.26,3.95,0.165,0.071,2.52,
2026-09-01T02:05:00,57.46,57.5,0,0.0,1.1,3.96,0.163,0.069,2.54,
2026-09-01T02:06:00,57.44,57.4,0,0.0,1.16,3.97,0.165,0.067,2.56,
2026-09-01T02:07:00,57.43,57.4,0,0.0,1.15,3.94,0.165,0.066,2.57,
2026-09-01T02:08:00,57.41,57.4,0,0.0,1.18,3.93,0.161,0.066,2.59,
2026-09-01T02:09:00,57.39,57.4,0,0.0,1.18,3.97,0.163,0.067,2.61,
2026-09-01T02:10:00,57.36,57.4,0,0.0,1.3,3.95,0.161,0.069,2.64,
2026-09-01T02:11:00,57.34,57.3,0,0.0,1.21,3.92,0.158,0.067,2.66,
2026-09-01T02:12:00,57.32,57.3,0,0.0,1.18,3.95,0.16,0.068,2.68,
2026-09-01T02:13:00,57.3,57.3,0,0.0,1.19,3.94,0.157,0.067,2.7,
2026-09-01T02:14:00,57.28,57.3,0,0.0,1.19,3.97,0.16,0.068,2.72,
2026-09-01T02:15:00,57.27,57.3,0,0.0,1.12,3.92,0.16,0.069,2.73,
2026-09-01T02:16:00,57.25,57.2,0,0.0,1.23,3.93,0.164,0.071,2.75,
2026-09-01T02:17:00,57.22,57.2,0,0.0,1.26,3.95,0.161,0.072,2.78,
2026-09-01T02:18:00,57.21,57.2,0,0.0,1.13,3.92,0.158,0.072,2.79,
2026-09-01T02:19:00,57.19,57.2,0,0.0,1.2,3.97,0.154,0.073,2.81,
2026-09-01T02:20:00,57.17,57.2,0,0.0,1.18,3.95,0.151,0.074,2.83,
2026-09-01T02:21:00,57.15,57.1,0,0.0,1.25,3.94,0.148,0.076,2.85,
2026-09-01T02:22:00,57.12,57.1,0,0.0,1.24,3.91,0.151,0.076,2.88,
2026-09-01T02:23:00,57.1,57.1,0,0.0,1.27,3.92,0.15,0.075,2.9,
2026-09-01T02:24:00,57.08,57.1,0,0.0,1.12,3.98,0.15,0.074,2.92,
2026-09-01T02:25:00,57.07,57.1,0,0.0,1.09,3.94,0.154,0.073,2.93,
2026-09-01T02:26:00,57.05,57.0,0,0.0,1.19,3.96,0.156,0.075,2.95,
2026-09-01T02:27:00,57.02,57.0,0,0.0,1.32,3.95,0.16,0.073,2.98,
2026-09-01T02:28:00,57.0,57.0,0,0.0,1.3,3.95,0.162,0.076,3.0,
2026-09-01T02:29:00,56.98,57.0,0,0.0,1.2,3.97,0.163,0.075,3.02,
2026-09-01T02:30:00,56.96,57.0,0,0.0,1.3,3.96,0.163,0.076,3.04,
2026-09-01T02:31:00,56.94,56.9,0,0.0,1.14,3.93,0.164,0.076,3.06,
2026-09-01T02:32:00,56.92,56.9,0,0.0,1.27,3.94,0.165,0.074,3.08,
2026-09-01T02:33:00,56.9,56.9,0,0.0,1.15,3.92,0.163,0.075,3.1,
2026-09-01T02:34:00,56.88,56.9,0,0.0,1.15,3.94,0.164,0.074,3.12,
2026-09-01T02:35:00,56.86,56.9,0,0.0,1.12,3.93,0.165,0.073,3.14,
2026-09-01T02:36:00,56.84,56.8,0,0.0,1.25,3.92,0.165,0.074,3.16,
2026-09-01T02:37:00,56.82,56.8,0,0.0,1.21,3.94,0.162,0.074,3.18,
2026-09-01T02:38:00,56.8,56.8,0,0.0,1.18,3.97,0.163,0.072,3.2,
2026-09-01T02:39:00,56.78,56.8,0,0.0,1.25,3.97,0.165,0.073,3.22,
2026-09-01T02:40:00,56.76,56.8,0,0.0,1.18,3.92,0.164,0.072,3.24,
2026-09-01T02:41:00,56.74,56.7,0,0.0,1.27,3.96,0.168,0.071,3.26,
2026-09-01T02:42:00,56.72,56.7,0,0.0,1.19,3.96,0.169,0.072,3.28,
2026-09-01T02:43:00,56.7,56.7,0,0.0,1.23,3.93,0.166,0.071,3.3,
2026-09-01T02:44:00,56.68,56.7,0,0.0,1.19,3.92,0.164,0.072,3.32,
2026-09-01T02:45:00,56.66,56.7,0,0.0,1.25,3.94,0.161,0.072,3.34,
2026-09-01T02:46:00,56.64,56.6,0,0.0,1.2,3.92,0.162,0.074,3.36,
2026-09-01T02:47:00,56.62,56.6,0,0.0,1.09,3.94,0.163,0.072,3.38,
2026-09-01T02:48:00,56.6,56.6,0,0.0,1.09,3.96,0.159,0.071,3.4,
2026-09-01T02:49:00,56.58,56.6,0,0.0,1.2,3.92,0.158,0.069,3.42,
2026-09-01T02:50:00,56.57,56.6,0,0.0,1.14,3.94,0.161,0.068,3.43,
2026-09-01T02:51:00,56.55,56.5,0,0.0,1.18,3.96,0.164,0.067,3.45,
2026-09-01T02:52:00,56.53,56.5,0,0.0,1.15,3.92,0.159,0.068,3.47,
2026-09-01T02:53:00,56.51,56.5,0,0.0,1.22,3.98,0.158,0.068,3.49,
2026-09-01T02:54:00,56.49,56.5,0,0.0,1.25,3.96,0.159,0.068,3.51,
2026-09-01T02:55:00,56.46,56.5,0,0.0,1.27,3.97,0.156,0.069,3.54,
2026-09-01T02:56:00,56.45,56.4,0,0.0,1.09,3.93,0.153,0.07,3.55,
2026-09-01T02:57:00,56.43,56.4,0,0.0,1.25,3.95,0.15,0.072,3.57,
2026-09-01T02:58:00,56.4,56.4,0,0.0,1.26,3.96,0.146,0.073,3.6,
2026-09-01T02:59:00,56.38,56.4,0,0.0,1.24,3.96,0.143,0.073,3.62,
2026-09-01T03:00:00,56.31,56.3,0,0.0,4.29,3.52,0.139,0.073,3.69,leak
2026-09-01T03:01:00,56.24,56.2,0,0.0,4.1,3.49,0.14,0.074,3.76,leak
2026-09-01T03:02:00,56.17,56.2,0,0.0,4.32,3.48,0.143,0.074,3.83,leak
2026-09-01T03:03:00,56.1,56.1,0,0.0,4.11,3.51,0.144,0.073,3.9,leak
2026-09-01T03:04:00,56.04,56.0,0,0.0,4.12,3.52,0.147,0.074,3.96,leak
2026-09-01T03:05:00,55.96,56.0,0,0.0,4.24,3.47,0.152,0.074,4.04,leak
2026-09-01T03:06:00,55.89,55.9,0,0.0,4.29,3.48,0.152,0.074,4.11,leak
2026-09-01T03:07:00,55.82,55.8,0,0.0,4.19,3.5,0.15,0.073,4.18,leak
2026-09-01T03:08:00,55.75,55.8,0,0.0,4.3,3.51,0.146,0.073,4.25,leak
2026-09-01T03:09:00,55.68,55.7,0,0.0,4.33,3.5,0.149,0.074,4.32,leak
2026-09-01T03:10:00,55.61,55.6,0,0.0,4.27,3.49,0.152,0.074,4.39,leak
2026-09-01T03:11:00,55.54,55.5,0,0.0,4.34,3.48,0.155,0.076,4.46,leak
2026-09-01T03:12:00,55.47,55.5,0,0.0,4.23,3.49,0.154,0.076,4.53,leak
2026-09-01T03:13:00,55.39,55.4,0,0.0,4.28,3.48,0.158,0.075,4.61,leak
2026-09-01T03:14:00,55.32,55.3,0,0.0,4.31,3.47,0.162,0.074,4.68,leak
2026-09-01T03:15:00,55.25,55.3,0,0.0,4.16,3.5,0.163,0.072,4.75,leak
2026-09-01T03:16:00,55.18,55.2,0,0.0,4.2,3.47,0.166,0.073,4.82,leak
2026-09-01T03:17:00,55.11,55.1,0,0.0,4.15,3.48,0.169,0.073,4.89,leak
2026-09-01T03:18:00,55.04,55.0,0,0.0,4.19,3.52,0.171,0.072,4.96,leak
2026-09-01T03:19:00,54.97,55.0,0,0.0,4.18,3.47,0.176,0.071,5.03,leak
2026-09-01T03:20:00,54.91,54.9,0,0.0,4.13,3.51,0.176,0.072,5.09,leak
2026-09-01T03:21:00,54.83,54.8,0,0.0,4.3,3.5,0.177,0.074,5.17,leak
2026-09-01T03:22:00,54.76,54.8,0,0.0,4.23,3.51,0.173,0.072,5.24,leak
2026-09-01T03:23:00,54.69,54.7,0,0.0,4.17,3.51,0.171,0.071,5.31,leak
2026-09-01T03:24:00,54.62,54.6,0,0.0,4.26,3.49,0.171,0.072,5.38,leak
2026-09-01T03:25:00,54.55,54.6,0,0.0,4.22,3.51,0.17,0.07,5.45,leak
2026-09-01T03:26:00,54.48,54.5,0,0.0,4.3,3.48,0.167,0.069,5.52,leak
2026-09-01T03:27:00,54.41,54.4,0,0.0,4.15,3.48,0.163,0.067,5.59,leak
2026-09-01T03:28:00,54.34,54.3,0,0.0,4.26,3.51,0.16,0.066,5.66,leak
2026-09-01T03:29:00,54.27,54.3,0,0.0,4.18,3.5,0.163,0.064,5.73,leak
2026-09-01T03:30:00,54.2,54.2,0,0.0,4.37,3.49,0.16,0.062,5.8,leak
2026-09-01T03:31:00,54.13,54.1,0,0.0,4.16,3.48,0.158,0.063,5.87,leak
2026-09-01T03:32:00,54.06,54.1,0,0.0,4.18,3.47,0.158,0.064,5.94,leak
2026-09-01T03:33:00,53.99,54.0,0,0.0,4.21,3.52,0.159,0.065,6.01,leak
2026-09-01T03:34:00,53.92,53.9,0,0.0,4.31,3.47,0.162,0.066,6.08,leak
2026-09-01T03:35:00,53.85,53.8,0,0.0,4.27,3.52,0.163,0.069,6.15,leak
2026-09-01T03:36:00,53.77,53.8,0,0.0,4.26,3.49,0.16,0.068,6.23,leak
2026-09-01T03:37:00,53.71,53.7,0,0.0,4.16,3.52,0.16,0.068,6.29,leak
2026-09-01T03:38:00,53.63,53.6,0,0.0,4.36,3.48,0.156,0.066,6.37,leak
2026-09-01T03:39:00,53.56,53.6,0,0.0,4.31,3.46,0.152,0.067,6.44,leak
2026-09-01T03:40:00,53.49,53.5,0,0.0,4.3,3.48,0.157,0.068,6.51,leak
2026-09-01T03:41:00,53.42,53.4,0,0.0,4.19,3.51,0.158,0.07,6.58,leak
2026-09-01T03:42:00,53.35,53.3,0,0.0,4.37,3.47,0.158,0.069,6.65,leak
2026-09-01T03:43:00,53.28,53.3,0,0.0,4.28,3.49,0.162,0.071,6.72,leak
2026-09-01T03:44:00,53.2,53.2,0,0.0,4.43,3.47,0.163,0.073,6.8,leak
2026-09-01T03:45:00,53.13,53.1,0,0.0,4.33,3.5,0.168,0.073,6.87,leak
2026-09-01T03:46:00,53.06,53.1,0,0.0,4.23,3.48,0.169,0.075,6.94,leak
2026-09-01T03:47:00,52.99,53.0,0,0.0,4.23,3.48,0.165,0.076,7.01,leak
2026-09-01T03:48:00,52.92,52.9,0,0.0,4.19,3.49,0.166,0.077,7.08,leak
2026-09-01T03:49:00,52.85,52.8,0,0.0,4.27,3.48,0.168,0.079,7.15,leak
2026-09-01T03:50:00,52.77,52.8,0,0.0,4.39,3.48,0.17,0.079,7.23,leak
2026-09-01T03:51:00,52.7,52.7,0,0.0,4.45,3.5,0.171,0.08,7.3,leak
2026-09-01T03:52:00,52.63,52.6,0,0.0,4.39,3.51,0.17,0.078,7.37,leak
2026-09-01T03:53:00,52.55,52.6,0,0.0,4.36,3.5,0.175,0.077,7.45,leak
2026-09-01T03:54:00,52.48,52.5,0,0.0,4.44,3.46,0.171,0.077,7.52,leak
2026-09-01T03:55:00,52.41,52.4,0,0.0,4.31,3.51,0.172,0.076,7.59,leak
2026-09-01T03:56:00,52.34,52.3,0,0.0,4.31,3.47,0.174,0.075,7.66,leak
2026-09-01T03:57:00,52.26,52.3,0,0.0,4.43,3.51,0.174,0.074,7.74,leak
2026-09-01T03:58:00,52.19,52.2,0,0.0,4.38,3.46,0.169,0.072,7.81,leak
2026-09-01T03:59:00,52.12,52.1,0,0.0,4.37,3.48,0.167,0.073,7.88,leak
2026-09-01T04:00:00,52.05,52.0,0,0.0,4.28,3.52,0.17,0.072,7.95,leak
2026-09-01T04:01:00,51.97,52.0,0,0.0,4.43,3.51,0.175,0.071,8.03,leak
2026-09-01T04:02:00,51.9,51.9,0,0.0,4.46,3.47,0.171,0.071,8.1,leak
2026-09-01T04:03:00,51.82,51.8,0,0.0,4.5,3.48,0.172,0.071,8.18,leak
2026-09-01T04:04:00,51.75,51.7,0,0.0,4.55,3.46,0.173,0.073,8.25,leak
2026-09-01T04:05:00,51.67,51.7,0,0.0,4.48,3.48,0.169,0.073,8.33,leak
2026-09-01T04:06:00,51.6,51.6,0,0.0,4.41,3.48,0.171,0.072,8.4,leak
2026-09-01T04:07:00,51.52,51.5,0,0.0,4.57,3.47,0.173,0.072,8.48,leak
2026-09-01T04:08:00,51.45,51.4,0,0.0,4.41,3.51,0.176,0.07,8.55,leak
2026-09-01T04:09:00,51.37,51.4,0,0.0,4.5,3.48,0.174,0.068,8.63,leak
2026-09-01T04:10:00,51.3,51.3,0,0.0,4.44,3.51,0.173,0.071,8.7,leak
2026-09-01T04:11:00,51.22,51.2,0,0.0,4.51,3.51,0.175,0.071,8.78,leak
2026-09-01T04:12:00,51.15,51.1,0,0.0,4.53,3.48,0.171,0.071,8.85,leak
2026-09-01T04:13:00,51.07,51.1,0,0.0,4.49,3.5,0.173,0.073,8.93,leak
2026-09-01T04:14:00,51.0,51.0,0,0.0,4.62,3.46,0.173,0.073,9.0,leak
2026-09-01T04:15:00,50.92,50.9,0,0.0,4.69,3.47,0.175,0.075,9.08,leak
2026-09-01T04:16:00,50.84,50.8,0,0.0,4.45,3.51,0.176,0.076,9.16,leak
2026-09-01T04:17:00,50.77,50.8,0,0.0,4.5,3.46,0.177,0.074,9.23,leak
2026-09-01T04:18:00,50.69,50.7,0,0.0,4.62,3.45,0.182,0.075,9.31,leak
2026-09-01T04:19:00,50.61,50.6,0,0.0,4.75,3.47,0.178,0.076,9.39,leak
2026-09-01T04:20:00,50.53,50.5,0,0.0,4.74,3.47,0.18,0.076,9.47,leak
2026-09-01T04:21:00,50.46,50.5,0,0.0,4.65,3.46,0.183,0.077,9.54,leak
2026-09-01T04:22:00,50.38,50.4,0,0.0,4.82,3.45,0.184,0.077,9.62,leak
2026-09-01T04:23:00,50.3,50.3,0,0.0,4.64,3.5,0.184,0.079,9.7,leak
2026-09-01T04:24:00,50.22,50.2,0,0.0,4.83,3.49,0.182,0.077,9.78,leak
2026-09-01T04:25:00,50.14,50.1,0,0.0,4.82,3.46,0.186,0.077,9.86,leak
2026-09-01T04:26:00,50.06,50.1,0,0.0,4.74,3.49,0.184,0.078,9.94,leak
2026-09-01T04:27:00,49.98,50.0,0,0.0,4.68,3.48,0.189,0.078,10.02,leak
2026-09-01T04:28:00,49.9,49.9,0,0.0,4.77,3.45,0.189,0.076,10.1,leak
2026-09-01T04:29:00,49.82,49.8,0,0.0,4.74,3.47,0.19,0.075,10.18,leak
2026-09-01T04:30:00,49.74,49.7,0,0.0,4.8,3.46,0.187,0.077,10.26,leak
2026-09-01T04:31:00,49.66,49.7,0,0.0,4.91,3.47,0.184,0.079,10.34,leak
2026-09-01T04:32:00,49.58,49.6,0,0.0,4.96,3.43,0.187,0.077,10.42,leak
2026-09-01T04:33:00,49.5,49.5,0,0.0,4.96,3.48,0.186,0.077,10.5,leak
2026-09-01T04:34:00,49.41,49.4,0,0.0,4.97,3.48,0.19,0.078,10.59,leak
2026-09-01T04:35:00,49.33,49.3,0,0.0,4.93,3.44,0.19,0.076,10.67,leak
2026-09-01T04:36:00,49.25,49.2,0,0.0,4.99,3.48,0.194,0.077,10.75,leak
2026-09-01T04:37:00,49.16,49.2,0,0.0,4.96,3.46,0.194,0.078,10.84,leak
2026-09-01T04:38:00,49.08,49.1,0,0.0,5.1,3.45,0.195,0.079,10.92,leak
2026-09-01T04:39:00,49.0,49.0,0,0.0,4.89,3.46,0.2,0.078,11.0,leak
2026-09-01T04:40:00,48.92,48.9,0,0.0,5.0,3.47,0.201,0.078,11.08,leak
2026-09-01T04:41:00,48.83,48.8,0,0.0,5.24,3.47,0.205,0.079,11.17,leak
2026-09-01T04:42:00,48.74,48.7,0,0.0,5.07,3.45,0.207,0.077,11.26,leak
2026-09-01T04:43:00,48.66,48.7,0,0.0,5.26,3.47,0.203,0.078,11.34,leak
2026-09-01T04:44:00,48.57,48.6,0,0.0,4.99,3.47,0.207,0.078,11.43,leak
2026-09-01T04:45:00,48.48,48.5,0,0.0,5.43,3.46,0.206,0.079,11.52,leak
2026-09-01T04:46:00,48.4,48.4,0,0.0,5.07,3.47,0.21,0.079,11.6,leak
2026-09-01T04:47:00,48.31,48.3,0,0.0,5.25,3.46,0.214,0.08,11.69,leak
2026-09-01T04:48:00,48.22,48.2,0,0.0,5.1,3.47,0.212,0.082,11.78,leak
2026-09-01T04:49:00,48.14,48.1,0,0.0,5.29,3.43,0.212,0.08,11.86,leak
2026-09-01T04:50:00,48.05,48.0,0,0.0,5.42,3.46,0.209,0.081,11.95,leak
2026-09-01T04:51:00,47.96,48.0,0,0.0,5.22,3.47,0.21,0.083,12.04,leak
2026-09-01T04:52:00,47.87,47.9,0,0.0,5.33,3.47,0.207,0.083,12.13,leak
2026-09-01T04:53:00,47.78,47.8,0,0.0,5.48,3.42,0.204,0.083,12.22,leak
2026-09-01T04:54:00,47.69,47.7,0,0.0,5.29,3.47,0.208,0.082,12.31,leak
2026-09-01T04:55:00,47.6,47.6,0,0.0,5.67,3.41,0.208,0.084,12.4,leak
2026-09-01T04:56:00,47.5,47.5,0,0.0,5.54,3.44,0.209,0.083,12.5,leak
2026-09-01T04:57:00,47.41,47.4,0,0.0,5.62,3.42,0.213,0.085,12.59,leak
2026-09-01T04:58:00,47.32,47.3,0,0.0,5.54,3.43,0.212,0.085,12.68,leak
2026-09-01T04:59:00,47.22,47.2,0,0.0,5.61,3.44,0.213,0.085,12.78,leak
2026-09-01T05:00:00,47.17,47.2,0,0.0,3.07,3.85,0.218,0.084,12.83,
2026-09-01T05:01:00,47.12,47.1,0,0.0,2.94,3.85,0.219,0.083,12.88,
2026-09-01T05:02:00,47.07,47.1,0,0.0,3.0,3.88,0.214,0.084,12.93,
2026-09-01T05:03:00,47.02,47.0,0,0.0,3.0,3.86,0.218,0.083,12.98,
2026-09-01T05:04:00,46.98,47.0,0,0.0,2.86,3.89,0.219,0.086,13.02,
2026-09-01T05:05:00,46.93,46.9,0,0.0,2.95,3.88,0.221,0.086,13.07,
2026-09-01T05:06:00,46.87,46.9,0,0.0,3.2,3.87,0.222,0.087,13.13,
2026-09-01T05:07:00,46.82,46.8,0,0.0,3.36,3.86,0.226,0.087,13.18,
2026-09-01T05:08:00,46.76,46.8,0,0.0,3.3,3.84,0.226,0.088,13.24,
2026-09-01T05:09:00,46.71,46.7,0,0.0,3.31,3.87,0.222,0.09,13.29,
2026-09-01T05:10:00,46.65,46.7,0,0.0,3.18,3.87,0.218,0.091,13.35,
2026-09-01T05:11:00,46.6,46.6,0,0.0,3.12,3.86,0.223,0.092,13.4,
2026-09-01T05:12:00,46.55,46.5,0,0.0,3.45,3.87,0.226,0.093,13.45,
2026-09-01T05:13:00,46.49,46.5,0,0.0,3.32,3.87,0.226,0.091,13.51,
2026-09-01T05:14:00,46.43,46.4,0,0.0,3.77,3.85,0.225,0.093,13.57,
2026-09-01T05:15:00,46.37,46.4,0,0.0,3.34,3.88,0.221,0.093,13.63,
2026-09-01T05:16:00,46.3,46.3,0,0.0,4.02,3.84,0.223,0.094,13.7,
2026-09-01T05:17:00,46.24,46.2,0,0.0,4.1,3.84,0.226,0.096,13.76,
2026-09-01T05:18:00,46.17,46.2,0,0.0,3.71,3.85,0.221,0.095,13.83,
2026-09-01T05:19:00,46.11,46.1,0,0.0,3.9,3.82,0.223,0.096,13.89,
2026-09-01T05:20:00,46.04,46.0,0,0.0,4.08,3.82,0.226,0.094,13.96,
2026-09-01T05:21:00,45.97,46.0,0,0.0,4.37,3.78,0.224,0.095,14.03,
2026-09-01T05:22:00,45.91,45.9,0,0.0,3.7,3.86,0.224,0.093,14.09,
2026-09-01T05:23:00,45.83,45.8,0,0.0,4.5,3.78,0.22,0.092,14.17,
2026-09-01T05:24:00,45.76,45.8,0,0.0,4.5,3.82,0.218,0.094,14.24,
2026-09-01T05:25:00,45.69,45.7,0,0.0,4.22,3.79,0.223,0.093,14.31,
2026-09-01T05:26:00,45.62,45.6,0,0.0,4.21,3.81,0.219,0.094,14.38,
2026-09-01T05:27:00,45.54,45.5,0,0.0,4.8,3.76,0.218,0.096,14.46,
2026-09-01T05:28:00,45.46,45.5,0,0.0,4.69,3.8,0.223,0.096,14.54,
2026-09-01T05:29:00,45.38,45.4,0,0.0,4.54,3.81,0.219,0.096,14.62,
2026-09-01T05:30:00,45.31,45.3,0,0.0,4.61,3.77,0.219,0.098,14.69,
2026-09-01T05:31:00,45.23,45.2,0,0.0,4.68,3.82,0.214,0.098,14.77,
2026-09-01T05:32:00,45.15,45.1,0,0.0,4.73,3.78,0.219,0.096,14.85,
2026-09-01T05:33:00,45.06,45.1,0,0.0,5.29,3.74,0.221,0.098,14.94,
2026-09-01T05:34:00,44.98,45.0,0,0.0,5.07,3.8,0.219,0.099,15.02,
2026-09-01T05:35:00,44.89,44.9,0,0.0,5.01,3.76,0.216,0.099,15.11,
2026-09-01T05:36:00,44.8,44.8,0,0.0,5.56,3.75,0.217,0.1,15.2,
2026-09-01T05:37:00,44.71,44.7,0,0.0,5.44,3.76,0.212,0.102,15.29,
2026-09-01T05:38:00,44.61,44.6,0,0.0,5.68,3.73,0.209,0.102,15.39,
2026-09-01T05:39:00,44.52,44.5,0,0.0,5.54,3.72,0.211,0.1,15.48,
2026-09-01T05:40:00,44.44,44.4,0,0.0,5.23,3.75,0.215,0.098,15.56,
2026-09-01T05:41:00,44.34,44.3,0,0.0,5.46,3.73,0.219,0.1,15.66,
2026-09-01T05:42:00,44.26,44.3,0,0.0,5.17,3.79,0.216,0.102,15.74,
2026-09-01T05:43:00,44.17,44.2,0,0.0,5.41,3.74,0.212,0.102,15.83,
2026-09-01T05:44:00,44.07,44.1,0,0.0,6.13,3.7,0.208,0.101,15.93,
2026-09-01T05:45:00,43.96,44.0,0,0.0,6.38,3.7,0.206,0.099,16.04,
2026-09-01T05:46:00,43.86,43.9,0,0.0,5.73,3.72,0.208,0.1,16.14,
2026-09-01T05:47:00,43.76,43.8,0,0.0,6.26,3.73,0.208,0.102,16.24,
2026-09-01T05:48:00,43.65,43.6,0,0.0,6.68,3.7,0.204,0.1,16.35,
2026-09-01T05:49:00,43.54,43.5,0,0.0,6.44,3.74,0.2,0.1,16.46,
2026-09-01T05:50:00,43.43,43.4,0,0.0,6.91,3.71,0.2,0.102,16.57,
2026-09-01T05:51:00,43.32,43.3,0,0.0,6.58,3.73,0.195,0.101,16.68,
2026-09-01T05:52:00,43.2,43.2,0,0.0,6.72,3.69,0.197,0.101,16.8,
2026-09-01T05:53:00,43.09,43.1,0,0.0,6.84,3.72,0.193,0.099,16.91,
2026-09-01T05:54:00,42.98,43.0,0,0.0,6.37,3.72,0.189,0.098,17.02,
2026-09-01T05:55:00,42.87,42.9,0,0.0,6.74,3.7,0.189,0.1,17.13,
2026-09-01T05:56:00,42.76,42.8,0,0.0,6.92,3.72,0.189,0.098,17.24,
2026-09-01T05:57:00,42.64,42.6,0,0.0,7.21,3.68,0.186,0.098,17.36,
2026-09-01T05:58:00,42.51,42.5,0,0.0,7.69,3.68,0.187,0.1,17.49,
2026-09-01T05:59:00,42.38,42.4,0,0.0,7.9,3.66,0.184,0.099,17.62,
2026-09-01T06:00:00,42.25,42.3,0,0.0,7.54,3.64,0.183,0.099,17.75,
2026-09-01T06:01:00,42.12,42.1,0,0.0,7.67,3.65,0.179,0.096,17.88,
2026-09-01T06:02:00,41.99,42.0,0,0.0,7.75,3.66,0.177,0.099,18.01,
2026-09-01T06:03:00,41.87,41.9,0,0.0,7.44,3.69,0.173,0.099,18.13,
2026-09-01T06:04:00,41.73,41.7,0,0.0,8.67,3.59,0.169,0.099,18.27,
2026-09-01T06:05:00,41.58,41.6,0,0.0,8.66,3.63,0.17,0.097,18.42,
2026-09-01T06:06:00,41.44,41.4,0,0.0,8.54,3.62,0.168,0.098,18.56,
2026-09-01T06:07:00,41.31,41.3,0,0.0,7.88,3.64,0.17,0.096,18.69,
2026-09-01T06:08:00,41.16,41.2,0,0.0,9.09,3.61,0.172,0.094,18.84,
2026-09-01T06:09:00,41.0,41.0,0,0.0,9.62,3.57,0.17,0.095,19.0,
2026-09-01T06:10:00,40.84,40.8,0,0.0,9.07,3.57,0.172,0.097,19.16,
2026-09-01T06:11:00,40.7,40.7,0,0.0,8.56,3.59,0.175,0.099,19.3,
2026-09-01T06:12:00,40.55,40.6,0,0.0,8.95,3.61,0.176,0.097,19.45,
2026-09-01T06:13:00,40.39,40.4,0,0.0,9.9,3.58,0.181,0.096,19.61,
2026-09-01T06:14:00,40.22,40.2,0,0.0,10.07,3.55,0.182,0.093,19.78,
2026-09-01T06:15:00,40.07,40.1,0,0.0,8.69,3.63,0.186,0.093,19.93,
2026-09-01T06:16:00,39.92,39.9,0,0.0,9.28,3.56,0.188,0.094,20.08,
2026-09-01T06:17:00,39.76,39.8,0,0.0,9.49,3.56,0.183,0.094,20.24,
2026-09-01T06:18:00,39.58,39.6,0,0.0,10.75,3.52,0.182,0.092,20.42,
2026-09-01T06:19:00,39.43,39.4,0,0.0,9.41,3.58,0.177,0.09,20.57,
2026-09-01T06:20:00,39.25,39.2,0,0.0,10.78,3.5,0.176,0.09,20.75,
2026-09-01T06:21:00,39.08,39.1,0,0.0,10.08,3.54,0.179,0.088,20.92,
2026-09-01T06:22:00,38.89,38.9,0,0.0,11.13,3.5,0.174,0.089,21.11,
2026-09-01T06:23:00,38.73,38.7,0,0.0,9.73,3.54,0.176,0.087,21.27,
2026-09-01T06:24:00,38.54,38.5,0,0.0,11.19,3.48,0.177,0.085,21.46,
2026-09-01T06:25:00,38.36,38.4,0,0.0,10.92,3.51,0.175,0.085,21.64,
2026-09-01T06:26:00,38.17,38.2,0,0.0,11.65,3.45,0.174,0.085,21.83,
2026-09-01T06:27:00,37.99,38.0,0,0.0,10.73,3.53,0.174,0.083,22.01,
2026-09-01T06:28:00,37.79,37.8,0,0.0,11.73,3.44,0.173,0.084,22.21,
2026-09-01T06:29:00,37.6,37.6,0,0.0,11.71,3.44,0.171,0.083,22.4,
2026-09-01T06:30:00,37.42,37.4,0,0.0,10.94,3.49,0.169,0.082,22.58,
2026-09-01T06:31:00,37.23,37.2,0,0.0,11.34,3.46,0.171,0.08,22.77,
2026-09-01T06:32:00,37.04,37.0,0,0.0,11.11,3.49,0.173,0.08,22.96,
2026-09-01T06:33:00,36.84,36.8,0,0.0,12.01,3.48,0.176,0.078,23.16,
2026-09-01T06:34:00,36.66,36.7,0,0.0,11.1,3.52,0.172,0.076,23.34,
2026-09-01T06:35:00,36.47,36.5,0,0.0,11.09,3.53,0.175,0.076,23.53,
2026-09-01T06:36:00,36.26,36.3,0,0.0,12.58,3.44,0.177,0.076,23.74,
2026-09-01T06:37:00,36.06,36.1,0,0.0,12.31,3.42,0.173,0.076,23.94,
2026-09-01T06:38:00,35.85,35.9,0,0.0,12.2,3.47,0.174,0.077,24.15,
2026-09-01T06:39:00,35.63,35.6,0,0.0,13.62,3.41,0.17,0.077,24.37,
2026-09-01T06:40:00,35.4,35.4,0,0.0,13.78,3.36,0.171,0.077,24.6,
2026-09-01T06:41:00,35.18,35.2,0,0.0,13.08,3.41,0.169,0.079,24.82,
2026-09-01T06:42:00,34.97,35.0,0,0.0,12.72,3.42,0.166,0.079,25.03,
2026-09-01T06:43:00,34.75,34.7,1,0.0,13.29,3.38,0.216,0.081,25.25,
2026-09-01T06:44:00,34.69,34.7,1,11.0,14.46,3.34,0.268,0.082,25.5,
2026-09-01T06:45:00,34.82,34.8,1,22.0,14.36,3.37,0.315,0.084,25.73,
2026-09-01T06:46:00,34.97,35.0,1,22.0,12.65,3.41,0.366,0.084,25.95,
2026-09-01T06:47:00,35.1,35.1,1,22.0,14.44,3.36,0.413,0.082,26.19,
2026-09-01T06:48:00,35.22,35.2,1,22.0,14.6,3.34,0.466,0.082,26.43,
2026-09-01T06:49:00,35.34,35.3,1,22.0,14.68,3.34,0.52,0.08,26.67,
2026-09-01T06:50:00,35.47,35.5,1,22.0,14.25,3.37,0.571,0.079,26.91,
2026-09-01T06:51:00,35.58,35.6,1,22.0,15.2,3.32,0.618,0.08,27.17,
2026-09-01T06:52:00,35.73,35.7,1,22.0,13.05,3.41,0.666,0.078,27.38,
2026-09-01T06:53:00,35.87,35.9,1,22.0,13.74,3.36,0.716,0.079,27.61,
2026-09-01T06:54:00,36.01,36.0,1,22.0,13.94,3.37,0.761,0.08,27.84,
2026-09-01T06:55:00,36.11,36.1,1,22.0,15.56,3.27,0.765,0.079,28.1,
2026-09-01T06:56:00,36.22,36.2,1,22.0,15.73,3.3,0.765,0.078,28.37,
2026-09-01T06:57:00,36.34,36.3,1,22.0,14.68,3.34,0.768,0.078,28.61,
2026-09-01T06:58:00,36.44,36.4,1,22.0,16.06,3.27,0.771,0.078,28.88,
2026-09-01T06:59:00,36.55,36.5,1,22.0,15.43,3.29,0.771,0.077,29.13,
2026-09-01T07:00:00,36.68,36.7,1,22.0,14.02,3.34,0.767,0.076,29.37,
2026-09-01T07:01:00,36.78,36.8,1,22.0,16.37,3.25,0.769,0.077,29.64,
2026-09-01T07:02:00,36.89,36.9,1,22.0,15.26,3.29,0.767,0.078,29.9,
2026-09-01T07:03:00,37.0,37.0,1,22.0,15.14,3.31,0.767,0.079,30.15,
2026-09-01T07:04:00,37.13,37.1,1,22.0,14.37,3.35,0.765,0.077,30.39,
2026-09-01T07:05:00,37.24,37.2,1,22.0,15.22,3.31,0.766,0.079,30.64,
2026-09-01T07:06:00,37.33,37.3,1,22.0,16.48,3.27,0.761,0.08,30.92,
2026-09-01T07:07:00,37.46,37.5,1,22.0,14.39,3.36,0.759,0.078,31.16,
2026-09-01T07:08:00,37.55,37.6,1,22.0,16.43,3.27,0.763,0.078,31.43,
2026-09-01T07:09:00,37.64,37.6,1,22.0,16.98,3.23,0.764,0.076,31.71,
2026-09-01T07:10:00,37.76,37.8,1,22.0,14.73,3.33,0.769,0.077,31.96,
2026-09-01T07:11:00,37.85,37.8,1,22.0,16.57,3.25,0.77,0.076,32.23,
2026-09-01T07:12:00,37.93,37.9,1,22.0,17.41,3.21,0.769,0.074,32.52,
2026-09-01T07:13:00,38.01,38.0,1,22.0,17.01,3.25,0.77,0.097,32.81,
2026-09-01T07:14:00,38.09,38.1,1,22.0,17.19,3.24,0.772,0.121,33.09,
2026-09-01T07:15:00,38.18,38.2,1,22.0,16.27,3.28,0.771,0.142,33.37,
2026-09-01T07:16:00,38.29,38.3,1,22.0,15.79,3.28,0.768,0.165,33.63,
2026-09-01T07:17:00,38.4,38.4,1,22.0,15.36,3.34,0.768,0.186,33.88,
2026-09-01T07:18:00,38.51,38.5,1,22.0,15.45,3.28,0.764,0.21,34.14,
2026-09-01T07:19:00,38.58,38.6,1,22.0,17.52,3.19,0.767,0.234,34.43,
2026-09-01T07:20:00,38.66,38.7,1,22.0,17.54,3.23,0.762,0.257,34.73,
2026-09-01T07:21:00,38.76,38.8,1,22.0,15.94,3.3,0.758,0.278,34.99,
2026-09-01T07:22:00,38.86,38.9,1,22.0,16.11,3.25,0.762,0.3,35.26,
2026-09-01T07:23:00,38.93,38.9,1,22.0,17.45,3.23,0.758,0.322,35.55,
2026-09-01T07:24:00,39.03,39.0,1,22.0,16.38,3.26,0.76,0.343,35.82,
2026-09-01T07:25:00,39.13,39.1,1,22.0,15.74,3.29,0.758,0.344,36.09,
2026-09-01T07:26:00,39.21,39.2,1,22.0,17.47,3.21,0.758,0.344,36.38,
2026-09-01T07:27:00,39.3,39.3,1,22.0,16.03,3.3,0.758,0.346,36.65,
2026-09-01T07:28:00,39.37,39.4,1,22.0,17.81,3.19,0.763,0.347,36.94,
2026-09-01T07:29:00,39.44,39.4,1,22.0,18.33,3.17,0.76,0.347,37.25,
2026-09-01T07:30:00,39.53,39.5,1,22.0,16.34,3.27,0.765,0.345,37.52,
2026-09-01T07:31:00,39.6,39.6,1,22.0,17.81,3.22,0.761,0.346,37.82,
2026-09-01T07:32:00,39.7,39.7,1,22.0,15.92,3.29,0.765,0.345,38.08,
2026-09-01T07:33:00,39.79,39.8,1,22.0,16.95,3.21,0.769,0.345,38.36,
2026-09-01T07:34:00,39.85,39.9,1,22.0,17.95,3.18,0.771,0.344,38.66,
2026-09-01T07:35:00,39.95,40.0,1,22.0,16.01,3.3,0.768,0.345,38.93,
2026-09-01T07:36:00,40.04,40.0,1,22.0,16.57,3.28,0.765,0.343,39.21,
2026-09-01T07:37:00,40.13,40.1,1,22.0,16.61,3.24,0.76,0.342,39.48,
2026-09-01T07:38:00,40.24,40.2,1,22.0,15.27,3.31,0.758,0.344,39.74,
2026-09-01T07:39:00,40.3,40.3,1,22.0,18.42,3.16,0.753,0.344,40.05,
2026-09-01T07:40:00,40.37,40.4,1,22.0,18.2,3.2,0.755,0.346,40.35,
2026-09-01T07:41:00,40.44,40.4,1,22.0,17.72,3.18,0.752,0.346,40.64,
2026-09-01T07:42:00,40.51,40.5,1,22.0,17.83,3.21,0.749,0.346,40.94,
2026-09-01T07:43:00,40.59,40.6,1,22.0,17.4,3.21,0.744,0.347,41.23,
2026-09-01T07:44:00,40.7,40.7,1,22.0,15.29,3.3,0.747,0.347,41.49,
2026-09-01T07:45:00,40.78,40.8,1,22.0,16.83,3.26,0.748,0.347,41.77,
2026-09-01T07:46:00,40.89,40.9,1,22.0,15.35,3.3,0.746,0.346,42.02,
2026-09-01T07:47:00,41.01,41.0,1,22.0,15.11,3.32,0.749,0.346,42.27,
2026-09-01T07:48:00,41.1,41.1,1,22.0,16.44,3.24,0.753,0.344,42.55,
2026-09-01T07:49:00,41.19,41.2,1,22.0,16.87,3.21,0.753,0.345,42.83,
2026-09-01T07:50:00,41.29,41.3,1,22.0,15.66,3.27,0.752,0.343,43.09,
2026-09-01T07:51:00,41.38,41.4,1,22.0,16.86,3.23,0.751,0.341,43.37,
2026-09-01T07:52:00,41.46,41.5,1,22.0,16.98,3.21,0.756,0.343,43.65,
2026-09-01T07:53:00,41.58,41.6,1,22.0,14.98,3.33,0.756,0.341,43.9,
2026-09-01T07:54:00,41.65,41.6,1,22.0,17.95,3.2,0.755,0.342,44.2,
2026-09-01T07:55:00,41.74,41.7,1,22.0,16.21,3.28,0.76,0.341,44.47,
2026-09-01T07:56:00,41.85,41.9,1,22.0,15.45,3.28,0.763,0.341,44.73,
2026-09-01T07:57:00,41.96,42.0,1,22.0,15.7,3.31,0.764,0.341,44.99,
2026-09-01T07:58:00,42.04,42.0,1,22.0,17.03,3.25,0.762,0.343,45.28,
2026-09-01T07:59:00,42.16,42.2,1,22.0,14.63,3.34,0.766,0.342,45.52,
2026-09-01T08:00:00,42.28,42.3,1,22.0,14.99,3.34,0.765,0.344,45.77,
2026-09-01T08:01:00,42.37,42.4,1,22.0,16.6,3.26,0.768,0.343,46.05,
2026-09-01T08:02:00,42.49,42.5,1,22.0,14.52,3.36,0.768,0.344,46.29,
2026-09-01T08:03:00,42.61,42.6,1,22.0,15.19,3.29,0.765,0.346,46.54,
2026-09-01T08:04:00,42.74,42.7,1,22.0,14.34,3.38,0.765,0.347,46.78,
2026-09-01T08:05:00,42.81,42.8,1,22.0,17.25,3.23,0.763,0.346,47.07,
2026-09-01T08:06:00,42.91,42.9,1,22.0,16.44,3.24,0.761,0.344,47.34,
2026-09-01T08:07:00,43.0,43.0,1,22.0,16.45,3.28,0.76,0.342,47.62,
2026-09-01T08:08:00,43.13,43.1,1,22.0,14.34,3.35,0.763,0.341,47.86,
2026-09-01T08:09:00,43.22,43.2,1,22.0,16.17,3.3,0.762,0.339,48.13,
2026-09-01T08:10:00,43.31,43.3,1,22.0,16.8,3.24,0.762,0.34,48.41,
2026-09-01T08:11:00,43.4,43.4,1,22.0,16.56,3.26,0.765,0.339,48.68,
2026-09-01T08:12:00,43.5,43.5,1,22.0,15.88,3.26,0.766,0.337,48.95,
2026-09-01T08:13:00,43.6,43.6,1,22.0,16.08,3.28,0.765,0.335,49.21,
2026-09-01T08:14:00,43.74,43.7,1,22.0,13.76,3.39,0.763,0.336,49.44,
2026-09-01T08:15:00,43.85,43.9,1,22.0,15.24,3.31,0.765,0.336,49.7,
2026-09-01T08:16:00,43.98,44.0,1,22.0,14.41,3.32,0.768,0.335,49.94,
2026-09-01T08:17:00,44.11,44.1,1,22.0,14.33,3.39,0.766,0.337,50.18,
2026-09-01T08:18:00,44.21,44.2,1,22.0,16.08,3.3,0.762,0.339,50.44,
2026-09-01T08:19:00,44.32,44.3,1,22.0,14.99,3.32,0.765,0.339,50.69,
2026-09-01T08:20:00,44.44,44.4,1,22.0,15.01,3.35,0.761,0.338,50.94,
2026-09-01T08:21:00,44.56,44.6,1,22.0,14.71,3.35,0.757,0.338,51.19,
2026-09-01T08:22:00,44.71,44.7,1,22.0,13.07,3.43,0.755,0.34,51.41,
2026-09-01T08:23:00,44.84,44.8,1,22.0,13.88,3.38,0.756,0.34,51.64,
2026-09-01T08:24:00,44.97,45.0,1,22.0,14.62,3.37,0.755,0.34,51.88,
2026-09-01T08:25:00,45.09,45.1,1,22.0,14.76,3.34,0.755,0.342,52.13,
2026-09-01T08:26:00,45.23,45.2,1,22.0,13.64,3.4,0.753,0.343,52.36,
2026-09-01T08:27:00,45.38,45.4,1,22.0,12.76,3.44,0.753,0.344,52.57,
2026-09-01T08:28:00,45.52,45.5,1,22.0,13.42,3.4,0.751,0.343,52.79,
2026-09-01T08:29:00,45.67,45.7,1,22.0,12.98,3.41,0.756,0.344,53.01,
2026-09-01T08:30:00,45.83,45.8,1,22.0,12.95,3.44,0.755,0.344,53.22,
2026-09-01T08:31:00,45.99,46.0,1,22.0,12.41,3.46,0.755,0.346,53.43,
2026-09-01T08:32:00,46.11,46.1,1,22.0,14.39,3.35,0.751,0.346,53.67,
2026-09-01T08:33:00,46.25,46.3,1,22.0,13.7,3.4,0.749,0.344,53.9,
2026-09-01T08:34:00,46.41,46.4,1,22.0,12.72,3.4,0.75,0.344,54.11,
2026-09-01T08:35:00,46.54,46.5,1,22.0,14.04,3.39,0.752,0.343,54.35,
2026-09-01T08:36:00,46.67,46.7,1,22.0,14.02,3.38,0.755,0.343,54.58,
2026-09-01T08:37:00,46.82,46.8,1,22.0,12.83,3.4,0.752,0.342,54.79,
2026-09-01T08:38:00,46.99,47.0,1,22.0,11.79,3.49,0.747,0.344,54.99,
2026-09-01T08:39:00,47.15,47.1,1,22.0,12.74,3.42,0.75,0.343,55.2,
2026-09-01T08:40:00,47.3,47.3,1,22.0,12.63,3.44,0.746,0.343,55.41,
2026-09-01T08:41:00,47.47,47.5,1,22.0,11.92,3.49,0.748,0.344,55.61,
2026-09-01T08:42:00,47.63,47.6,1,22.0,12.35,3.46,0.751,0.345,55.82,
2026-09-01T08:43:00,47.81,47.8,1,22.0,11.15,3.53,0.753,0.344,56.0,
2026-09-01T08:44:00,47.98,48.0,1,22.0,11.96,3.47,0.751,0.343,56.2,
2026-09-01T08:45:00,48.13,48.1,1,22.0,12.88,3.44,0.753,0.344,56.42,
2026-09-01T08:46:00,48.31,48.3,1,22.0,11.12,3.53,0.752,0.346,56.6,
2026-09-01T08:47:00,48.47,48.5,1,22.0,12.73,3.4,0.748,0.345,56.81,
2026-09-01T08:48:00,48.66,48.7,1,22.0,10.85,3.49,0.746,0.343,56.99,
2026-09-01T08:49:00,48.82,48.8,1,22.0,12.04,3.45,0.751,0.344,57.2,
2026-09-01T08:50:00,48.98,49.0,1,22.0,12.36,3.46,0.748,0.343,57.4,
2026-09-01T08:51:00,49.15,49.2,1,22.0,11.66,3.48,0.745,0.34,57.6,
2026-09-01T08:52:00,49.34,49.3,1,22.0,10.8,3.52,0.745,0.34,57.78,
2026-09-01T08:53:00,49.53,49.5,1,22.0,10.41,3.56,0.741,0.34,57.95,
2026-09-01T08:54:00,49.71,49.7,1,22.0,11.39,3.5,0.742,0.34,58.14,
2026-09-01T08:55:00,49.88,49.9,1,22.0,11.69,3.48,0.746,0.34,58.33,
2026-09-01T08:56:00,50.09,50.1,1,22.0,9.82,3.53,0.747,0.339,58.5,
2026-09-01T08:57:00,50.27,50.3,1,22.0,10.9,3.52,0.75,0.339,58.68,
2026-09-01T08:58:00,50.46,50.5,1,22.0,10.46,3.54,0.75,0.338,58.85,
2026-09-01T08:59:00,50.65,50.6,1,22.0,10.81,3.5,0.754,0.34,59.03,
2026-09-01T09:00:00,50.84,50.8,1,22.0,10.4,3.55,0.756,0.34,59.21,
2026-09-01T09:01:00,51.04,51.0,1,22.0,9.92,3.53,0.752,0.34,59.37,
2026-09-01T09:02:00,51.24,51.2,1,22.0,10.12,3.54,0.749,0.338,59.54,
2026-09-01T09:03:00,51.44,51.4,1,22.0,10.36,3.52,0.751,0.337,59.71,
2026-09-01T09:04:00,51.63,51.6,1,22.0,10.52,3.55,0.756,0.337,59.89,
2026-09-01T09:05:00,51.84,51.8,1,22.0,9.22,3.58,0.756,0.338,60.04,
2026-09-01T09:06:00,52.05,52.0,1,22.0,9.5,3.57,0.754,0.34,60.2,
2026-09-01T09:07:00,52.26,52.3,1,22.0,9.27,3.56,0.752,0.338,60.36,
2026-09-01T09:08:00,52.47,52.5,1,22.0,9.45,3.58,0.75,0.336,60.51,
2026-09-01T09:09:00,52.67,52.7,1,22.0,10.28,3.52,0.748,0.337,60.68,
2026-09-01T09:10:00,52.87,52.9,1,22.0,9.63,3.56,0.75,0.336,60.84,
2026-09-01T09:11:00,53.08,53.1,1,22.0,9.39,3.58,0.75,0.337,61.0,
2026-09-01T09:12:00,53.3,53.3,1,22.0,8.95,3.57,0.755,0.338,61.15,
2026-09-01T09:13:00,53.51,53.5,1,22.0,9.23,3.61,0.752,0.339,61.3,
2026-09-01T09:14:00,53.73,53.7,1,22.0,8.86,3.57,0.752,0.338,61.45,
2026-09-01T09:15:00,53.94,53.9,1,22.0,9.73,3.57,0.752,0.339,61.61,
2026-09-01T09:16:00,54.15,54.2,1,22.0,9.02,3.61,0.751,0.338,61.76,
2026-09-01T09:17:00,54.36,54.4,1,22.0,9.55,3.58,0.754,0.337,61.92,
2026-09-01T09:18:00,54.58,54.6,1,22.0,8.55,3.61,0.754,0.336,62.07,
2026-09-01T09:19:00,54.81,54.8,1,22.0,8.17,3.64,0.75,0.338,62.2,
2026-09-01T09:20:00,55.04,55.0,1,22.0,8.63,3.63,0.748,0.337,62.35,
2026-09-01T09:21:00,55.25,55.2,1,22.0,9.38,3.59,0.744,0.335,62.5,
2026-09-01T09:22:00,55.46,55.5,1,22.0,9.27,3.58,0.747,0.335,62.66,
2026-09-01T09:23:00,55.69,55.7,1,22.0,8.11,3.66,0.75,0.334,62.79,
2026-09-01T09:24:00,55.93,55.9,1,22.0,7.81,3.65,0.75,0.334,62.92,
2026-09-01T09:25:00,56.17,56.2,1,22.0,7.48,3.64,0.748,0.336,63.05,
2026-09-01T09:26:00,56.4,56.4,1,22.0,8.11,3.63,0.749,0.336,63.18,
2026-09-01T09:27:00,56.63,56.6,1,22.0,8.11,3.62,0.75,0.337,63.32,
2026-09-01T09:28:00,56.88,56.9,1,22.0,7.47,3.69,0.753,0.337,63.44,
2026-09-01T09:29:00,57.11,57.1,1,22.0,7.62,3.65,0.756,0.339,63.57,
2026-09-01T09:30:00,57.35,57.3,1,22.0,7.92,3.66,0.754,0.34,63.7,
2026-09-01T09:31:00,57.58,57.6,1,22.0,8.29,3.62,0.756,0.338,63.84,
2026-09-01T09:32:00,57.8,57.8,1,22.0,8.47,3.62,0.759,0.337,63.98,
2026-09-01T09:33:00,58.04,58.0,1,22.0,8.0,3.65,0.754,0.338,64.11,
2026-09-01T09:34:00,58.28,58.3,1,22.0,7.55,3.69,0.757,0.34,64.24,
2026-09-01T09:35:00,58.51,58.5,1,22.0,7.94,3.65,0.759,0.34,64.37,
2026-09-01T09:36:00,58.75,58.8,1,22.0,7.59,3.64,0.76,0.339,64.5,
2026-09-01T09:37:00,58.99,59.0,1,22.0,7.58,3.68,0.757,0.338,64.62,
2026-09-01T09:38:00,59.23,59.2,1,22.0,7.6,3.63,0.761,0.337,64.75,
2026-09-01T09:39:00,59.49,59.5,1,22.0,6.71,3.67,0.76,0.337,64.86,
2026-09-01T09:40:00,59.74,59.7,1,22.0,6.72,3.71,0.759,0.338,64.97,
2026-09-01T09:41:00,59.98,60.0,1,22.0,7.56,3.69,0.762,0.338,65.1,
2026-09-01T09:42:00,60.23,60.2,1,22.0,7.44,3.64,0.759,0.34,65.22,
2026-09-01T09:43:00,60.48,60.5,1,22.0,6.64,3.69,0.76,0.338,65.34,
2026-09-01T09:44:00,60.73,60.7,1,22.0,7.03,3.67,0.757,0.338,65.45,
2026-09-01T09:45:00,60.97,61.0,1,22.0,7.51,3.65,0.756,0.338,65.58,
2026-09-01T09:46:00,61.22,61.2,1,22.0,7.26,3.69,0.757,0.338,65.7,
2026-09-01T09:47:00,61.47,61.5,1,22.0,7.1,3.69,0.754,0.339,65.82,
2026-09-01T09:48:00,61.73,61.7,1,22.0,6.44,3.71,0.751,0.34,65.92,
2026-09-01T09:49:00,61.97,62.0,1,22.0,7.37,3.66,0.749,0.338,66.05,
2026-09-01T09:50:00,62.23,62.2,1,22.0,6.3,3.73,0.747,0.337,66.15,
2026-09-01T09:51:00,62.49,62.5,1,22.0,6.44,3.74,0.75,0.335,66.26,
2026-09-01T09:52:00,62.75,62.8,1,22.0,6.3,3.69,0.752,0.336,66.36,
2026-09-01T09:53:00,63.01,63.0,1,22.0,6.39,3.74,0.755,0.337,66.47,
2026-09-01T09:54:00,63.26,63.3,1,22.0,7.1,3.7,0.753,0.337,66.59,
2026-09-01T09:55:00,63.52,63.5,1,22.0,6.19,3.73,0.752,0.337,66.69,
2026-09-01T09:56:00,63.79,63.8,1,22.0,6.35,3.7,0.752,0.337,66.8,
2026-09-01T09:57:00,64.05,64.1,1,22.0,6.0,3.73,0.756,0.338,66.9,
2026-09-01T09:58:00,64.31,64.3,1,22.0,6.59,3.68,0.757,0.339,67.01,
2026-09-01T09:59:00,64.57,64.6,1,22.0,6.41,3.7,0.759,0.34,67.11,
2026-09-01T10:00:00,64.83,64.8,1,22.0,6.3,3.72,0.754,0.339,67.22,
2026-09-01T10:01:00,65.09,65.1,1,22.0,6.12,3.74,0.75,0.34,67.32,
2026-09-01T10:02:00,65.35,65.4,1,22.0,6.52,3.68,0.751,0.341,67.43,
2026-09-01T10:03:00,65.61,65.6,1,22.0,6.68,3.69,0.755,0.339,67.54,
2026-09-01T10:04:00,65.87,65.9,1,22.0,6.58,3.7,0.752,0.341,67.65,
2026-09-01T10:05:00,66.12,66.1,1,22.0,6.65,3.69,0.754,0.342,67.76,
2026-09-01T10:06:00,66.38,66.4,1,22.0,6.55,3.68,0.755,0.342,67.87,
2026-09-01T10:07:00,66.64,66.6,1,22.0,6.06,3.74,0.759,0.341,67.97,
2026-09-01T10:08:00,66.9,66.9,1,22.0,6.49,3.69,0.763,0.343,68.08,
2026-09-01T10:09:00,67.18,67.2,1,22.0,5.58,3.77,0.768,0.342,68.17,
2026-09-01T10:10:00,67.45,67.4,1,22.0,5.81,3.74,0.772,0.341,68.27,
2026-09-01T10:11:00,67.71,67.7,1,22.0,6.45,3.74,0.776,0.343,68.38,
2026-09-01T10:12:00,67.98,68.0,1,22.0,5.3,3.77,0.772,0.341,68.47,
2026-09-01T10:13:00,68.24,68.2,1,22.0,6.42,3.7,0.777,0.342,68.57,
2026-09-01T10:14:00,68.51,68.5,1,22.0,5.88,3.74,0.781,0.341,68.67,
2026-09-01T10:15:00,68.78,68.8,1,22.0,6.21,3.72,0.778,0.34,68.77,
2026-09-01T10:16:00,69.05,69.1,1,22.0,5.33,3.74,0.778,0.341,68.86,
2026-09-01T10:17:00,69.33,69.3,1,22.0,5.47,3.73,0.78,0.339,68.95,
2026-09-01T10:18:00,69.59,69.6,1,22.0,6.06,3.73,0.783,0.338,69.06,
2026-09-01T10:19:00,69.87,69.9,1,22.0,5.34,3.78,0.787,0.337,69.14,
2026-09-01T10:20:00,70.14,70.1,1,22.0,6.06,3.73,0.783,0.336,69.25,
2026-09-01T10:21:00,70.41,70.4,1,22.0,5.86,3.72,0.779,0.338,69.34,
2026-09-01T10:22:00,70.68,70.7,1,22.0,5.45,3.74,0.777,0.339,69.43,
2026-09-01T10:23:00,70.96,71.0,1,22.0,5.33,3.78,0.781,0.34,69.52,
2026-09-01T10:24:00,71.24,71.2,1,22.0,5.39,3.77,0.776,0.339,69.61,
2026-09-01T10:25:00,71.51,71.5,1,22.0,5.76,3.75,0.772,0.338,69.71,
2026-09-01T10:26:00,71.79,71.8,1,22.0,5.15,3.76,0.771,0.338,69.79,
2026-09-01T10:27:00,72.06,72.1,1,22.0,5.56,3.77,0.773,0.34,69.89,
2026-09-01T10:28:00,72.34,72.3,1,22.0,5.33,3.74,0.777,0.341,69.98,
2026-09-01T10:29:00,72.62,72.6,1,22.0,5.3,3.77,0.775,0.341,70.06,
2026-09-01T10:30:00,72.9,72.9,1,22.0,5.11,3.75,0.777,0.339,70.15,
2026-09-01T10:31:00,73.17,73.2,1,22.0,5.61,3.74,0.778,0.338,70.24,
2026-09-01T10:32:00,73.45,73.4,1,22.0,5.45,3.76,0.779,0.338,70.33,
2026-09-01T10:33:00,73.73,73.7,1,22.0,5.16,3.75,0.782,0.34,70.42,
2026-09-01T10:34:00,74.0,74.0,1,22.0,5.86,3.71,0.781,0.339,70.52,
2026-09-01T10:35:00,74.27,74.3,1,22.0,5.67,3.72,0.782,0.339,70.61,
2026-09-01T10:36:00,74.56,74.6,1,22.0,4.96,3.78,0.782,0.34,70.69,
2026-09-01T10:37:00,74.83,74.8,1,22.0,5.5,3.73,0.78,0.342,70.79,
2026-09-01T10:38:00,75.11,75.1,1,22.0,5.43,3.73,0.777,0.343,70.88,
2026-09-01T10:39:00,75.38,75.4,1,22.0,5.49,3.73,0.777,0.345,70.97,
2026-09-01T10:40:00,75.65,75.7,1,22.0,5.72,3.74,0.778,0.347,71.06,
2026-09-01T10:41:00,75.93,75.9,1,22.0,5.33,3.73,0.777,0.349,71.15,
2026-09-01T10:42:00,76.2,76.2,1,22.0,5.7,3.76,0.776,0.347,71.25,
2026-09-01T10:43:00,76.47,76.5,1,22.0,5.7,3.76,0.777,0.35,71.34,
2026-09-01T10:44:00,76.76,76.8,1,22.0,4.87,3.77,0.773,0.352,71.42,
2026-09-01T10:45:00,77.03,77.0,1,22.0,5.87,3.76,0.768,0.35,71.52,
2026-09-01T10:46:00,77.3,77.3,1,22.0,5.8,3.71,0.767,0.35,71.62,
2026-09-01T10:47:00,77.57,77.6,1,22.0,5.62,3.76,0.772,0.351,71.71,
2026-09-01T10:48:00,77.85,77.8,1,22.0,5.48,3.75,0.777,0.352,71.8,
2026-09-01T10:49:00,78.13,78.1,1,22.0,5.19,3.79,0.781,0.354,71.89,
2026-09-01T10:50:00,78.41,78.4,1,22.0,5.18,3.78,0.783,0.352,71.98,
2026-09-01T10:51:00,78.68,78.7,1,22.0,5.35,3.77,0.781,0.351,72.07,
2026-09-01T10:52:00,78.97,79.0,1,22.0,4.96,3.78,0.782,0.35,72.15,
2026-09-01T10:53:00,79.24,79.2,1,22.0,5.53,3.73,0.777,0.352,72.24,
2026-09-01T10:54:00,79.53,79.5,1,22.0,4.78,3.77,0.778,0.349,72.32,
2026-09-01T10:55:00,79.81,79.8,1,22.0,5.33,3.76,0.782,0.347,72.41,
2026-09-01T10:56:00,80.09,80.1,1,22.0,5.01,3.77,0.779,0.347,72.49,
2026-09-01T10:57:00,80.36,80.4,1,22.0,5.74,3.76,0.776,0.348,72.59,
2026-09-01T10:58:00,80.64,80.6,1,22.0,5.6,3.74,0.778,0.35,72.68,
2026-09-01T10:59:00,80.91,80.9,1,22.0,5.67,3.72,0.775,0.349,72.78,
2026-09-01T11:00:00,81.19,81.2,1,22.0,4.84,3.75,0.776,0.35,72.86,
2026-09-01T11:01:00,81.47,81.5,1,22.0,5.47,3.73,0.779,0.35,72.95,
2026-09-01T11:02:00,81.75,81.7,1,22.0,5.15,3.75,0.776,0.351,73.03,
2026-09-01T11:03:00,82.02,82.0,1,22.0,5.64,3.72,0.776,0.352,73.13,
2026-09-01T11:04:00,82.31,82.3,1,22.0,5.03,3.79,0.778,0.352,73.21,
2026-09-01T11:05:00,82.59,82.6,1,22.0,5.06,3.78,0.78,0.352,73.3,
2026-09-01T11:06:00,82.87,82.9,1,22.0,5.06,3.76,0.777,0.352,73.38,
2026-09-01T11:07:00,83.15,83.1,1,22.0,5.41,3.74,0.775,0.351,73.47,
2026-09-01T11:08:00,83.43,83.4,1,22.0,4.78,3.81,0.778,0.35,73.55,
2026-09-01T11:09:00,83.71,83.7,1,22.0,5.67,3.75,0.778,0.35,73.64,
2026-09-01T11:10:00,83.99,84.0,1,22.0,5.23,3.79,0.782,0.35,73.73,
2026-09-01T11:11:00,84.26,84.3,1,22.0,5.41,3.77,0.78,0.35,73.82,
2026-09-01T11:12:00,84.54,84.5,1,22.0,5.15,3.75,0.779,0.349,73.91,
2026-09-01T11:13:00,84.82,84.8,1,22.0,5.5,3.75,0.783,0.35,74.0,
2026-09-01T11:14:00,85.1,85.1,1,22.0,5.02,3.79,0.786,0.348,74.08,
2026-09-01T11:15:00,85.01,85.0,0,0.0,5.66,3.75,0.79,0.346,74.18,
2026-09-01T11:16:00,84.92,84.9,0,0.0,5.29,3.74,0.788,0.345,74.27,
2026-09-01T11:17:00,84.84,84.8,0,0.0,4.92,3.79,0.792,0.348,74.35,
2026-09-01T11:18:00,84.74,84.7,0,0.0,5.59,3.72,0.794,0.35,74.44,
2026-09-01T11:19:00,84.66,84.7,0,0.0,4.9,3.77,0.796,0.352,74.52,
2026-09-01T11:20:00,84.57,84.6,0,0.0,5.33,3.78,0.793,0.352,74.61,
2026-09-01T11:21:00,84.48,84.5,0,0.0,5.5,3.77,0.794,0.352,74.7,
2026-09-01T11:22:00,84.39,84.4,0,0.0,5.2,3.79,0.792,0.352,74.79,
2026-09-01T11:23:00,84.3,84.3,0,0.0,5.7,3.71,0.796,0.35,74.88,
2026-09-01T11:24:00,84.2,84.2,0,0.0,5.7,3.72,0.801,0.35,74.98,
2026-09-01T11:25:00,84.12,84.1,0,0.0,5.2,3.75,0.802,0.352,75.07,
2026-09-01T11:26:00,84.04,84.0,0,0.0,4.91,3.8,0.803,0.351,75.15,
2026-09-01T11:27:00,83.94,83.9,0,0.0,5.51,3.74,0.803,0.349,75.24,
2026-09-01T11:28:00,83.86,83.9,0,0.0,5.07,3.76,0.803,0.35,75.32,
2026-09-01T11:29:00,83.77,83.8,0,0.0,5.22,3.74,0.808,0.349,75.41,
2026-09-01T11:30:00,83.69,83.7,0,0.0,5.19,3.79,0.812,0.349,75.5,
2026-09-01T11:31:00,83.6,83.6,0,0.0,5.08,3.77,0.813,0.35,75.58,
2026-09-01T11:32:00,83.52,83.5,0,0.0,4.93,3.76,0.811,0.349,75.66,
2026-09-01T11:33:00,83.42,83.4,0,0.0,5.67,3.75,0.81,0.349,75.76,
2026-09-01T11:34:00,83.34,83.3,0,0.0,4.86,3.77,0.809,0.35,75.84,
2026-09-01T11:35:00,83.25,83.3,0,0.0,5.57,3.75,0.81,0.351,75.93,
2026-09-01T11:36:00,83.16,83.2,0,0.0,5.41,3.74,0.813,0.349,76.02,
2026-09-01T11:37:00,83.07,83.1,0,0.0,5.71,3.75,0.813,0.349,76.12,
2026-09-01T11:38:00,82.98,83.0,0,0.0,4.87,3.8,0.81,0.35,76.2,
2026-09-01T11:39:00,82.89,82.9,0,0.0,5.45,3.75,0.814,0.35,76.29,
2026-09-01T11:40:00,82.81,82.8,0,0.0,5.26,3.77,0.81,0.352,76.38,
2026-09-01T11:41:00,82.73,82.7,0,0.0,4.73,3.81,0.814,0.351,76.46,
2026-09-01T11:42:00,82.64,82.6,0,0.0,5.39,3.77,0.813,0.351,76.55,
2026-09-01T11:43:00,82.54,82.5,0,0.0,5.58,3.73,0.815,0.352,76.64,
2026-09-01T11:44:00,82.47,82.5,0,0.0,4.71,3.79,0.814,0.354,76.72,
2026-09-01T11:45:00,82.38,82.4,0,0.0,5.34,3.77,0.815,0.356,76.81,
2026-09-01T11:46:00,82.29,82.3,0,0.0,5.2,3.77,0.811,0.355,76.89,
2026-09-01T11:47:00,82.2,82.2,0,0.0,5.27,3.73,0.811,0.356,76.98,
2026-09-01T11:48:00,82.12,82.1,0,0.0,4.98,3.8,0.806,0.357,77.06,
2026-09-01T11:49:00,82.03,82.0,0,0.0,5.54,3.76,0.809,0.358,77.16,
2026-09-01T11:50:00,81.93,81.9,0,0.0,5.65,3.72,0.805,0.357,77.25,
2026-09-01T11:51:00,81.85,81.9,0,0.0,4.85,3.76,0.805,0.357,77.33,
2026-09-01T11:52:00,81.76,81.8,0,0.0,5.55,3.74,0.804,0.356,77.42,
2026-09-01T11:53:00,81.67,81.7,0,0.0,5.08,3.77,0.805,0.358,77.51,
2026-09-01T11:54:00,81.58,81.6,0,0.0,5.73,3.73,0.807,0.361,77.6,
2026-09-01T11:55:00,81.49,81.5,0,0.0,5.58,3.76,0.81,0.361,77.7,
2026-09-01T11:56:00,81.39,81.4,0,0.0,5.49,3.73,0.809,0.361,77.79,
2026-09-01T11:57:00,81.31,81.3,0,0.0,5.27,3.74,0.804,0.361,77.88,
2026-09-01T11:58:00,81.23,81.2,0,0.0,4.87,3.78,0.804,0.362,77.96,
2026-09-01T11:59:00,81.13,81.1,0,0.0,5.51,3.76,0.807,0.364,78.05,
2026-09-01T12:00:00,81.05,81.1,0,0.0,4.79,3.79,0.803,0.366,78.13,
2026-09-01T12:01:00,80.97,81.0,0,0.0,4.91,3.8,0.807,0.366,78.21,
2026-09-01T12:02:00,80.89,80.9,0,0.0,5.19,3.74,0.802,0.365,78.3,
2026-09-01T12:03:00,80.79,80.8,0,0.0,5.66,3.77,0.803,0.364,78.39,
2026-09-01T12:04:00,80.71,80.7,0,0.0,4.72,3.81,0.801,0.364,78.47,
2026-09-01T12:05:00,80.62,80.6,0,0.0,5.69,3.75,0.804,0.365,78.57,
2026-09-01T12:06:00,80.53,80.5,0,0.0,5.43,3.75,0.8,0.366,78.66,
2026-09-01T12:07:00,80.45,80.4,0,0.0,4.86,3.77,0.803,0.366,78.74,
2026-09-01T12:08:00,80.36,80.4,0,0.0,5.09,3.79,0.801,0.365,78.82,
2026-09-01T12:09:00,80.27,80.3,0,0.0,5.47,3.73,0.806,0.366,78.91,
2026-09-01T12:10:00,80.18,80.2,0,0.0,5.44,3.76,0.811,0.364,79.0,
2026-09-01T12:11:00,80.1,80.1,0,0.0,4.74,3.78,0.814,0.366,79.08,
2026-09-01T12:12:00,80.02,80.0,0,0.0,5.04,3.79,0.819,0.366,79.17,
2026-09-01T12:13:00,79.93,79.9,0,0.0,5.09,3.79,0.814,0.367,79.25,
2026-09-01T12:14:00,79.85,79.8,0,0.0,4.96,3.81,0.814,0.366,79.33,
2026-09-01T12:15:00,79.76,79.8,0,0.0,5.05,3.8,0.813,0.367,79.42,
2026-09-01T12:16:00,79.67,79.7,0,0.0,5.38,3.77,0.809,0.365,79.51,
2026-09-01T12:17:00,79.59,79.6,0,0.0,5.32,3.78,0.811,0.365,79.6,
2026-09-01T12:18:00,79.51,79.5,0,0.0,4.76,3.77,0.814,0.363,79.68,
2026-09-01T12:19:00,79.42,79.4,0,0.0,5.33,3.77,0.812,0.364,79.77,
2026-09-01T12:20:00,79.34,79.3,0,0.0,4.78,3.76,0.81,0.362,79.85,
2026-09-01T12:21:00,79.25,79.3,0,0.0,5.04,3.76,0.806,0.362,79.93,
2026-09-01T12:22:00,79.17,79.2,0,0.0,4.86,3.78,0.807,0.362,80.01,
2026-09-01T12:23:00,79.09,79.1,0,0.0,5.09,3.74,0.805,0.362,80.1,
2026-09-01T12:24:00,79.01,79.0,0,0.0,4.76,3.79,0.804,0.363,80.17,
2026-09-01T12:25:00,78.92,78.9,0,0.0,5.06,3.76,0.802,0.365,80.26,
2026-09-01T12:26:00,78.85,78.8,0,0.0,4.75,3.81,0.806,0.364,80.34,
2026-09-01T12:27:00,78.75,78.8,0,0.0,5.67,3.75,0.803,0.362,80.43,
2026-09-01T12:28:00,78.67,78.7,0,0.0,5.05,3.75,0.801,0.362,80.52,
2026-09-01T12:29:00,78.58,78.6,0,0.0,5.17,3.74,0.801,0.363,80.6,
2026-09-01T12:30:00,78.5,78.5,0,0.0,5.09,3.77,0.796,0.361,80.69,
2026-09-01T12:31:00,78.41,78.4,0,0.0,4.91,3.76,0.798,0.363,80.77,
2026-09-01T12:32:00,78.33,78.3,0,0.0,5.26,3.74,0.794,0.361,80.86,
2026-09-01T12:33:00,78.24,78.2,0,0.0,4.96,3.8,0.792,0.361,80.94,
2026-09-01T12:34:00,78.16,78.2,0,0.0,5.29,3.78,0.79,0.361,81.03,
2026-09-01T12:35:00,78.07,78.1,0,0.0,4.99,3.79,0.794,0.362,81.11,
2026-09-01T12:36:00,77.98,78.0,0,0.0,5.65,3.72,0.792,0.36,81.21,
2026-09-01T12:37:00,77.88,77.9,0,0.0,5.62,3.73,0.79,0.361,81.3,
2026-09-01T12:38:00,77.79,77.8,0,0.0,5.63,3.77,0.788,0.361,81.39,
2026-09-01T12:39:00,77.7,77.7,0,0.0,5.35,3.76,0.789,0.363,81.48,
2026-09-01T12:40:00,77.62,77.6,0,0.0,4.88,3.77,0.792,0.365,81.56,
2026-09-01T12:41:00,77.54,77.5,0,0.0,5.03,3.75,0.793,0.366,81.65,
2026-09-01T12:42:00,77.45,77.4,0,0.0,5.24,3.77,0.795,0.368,81.73,
2026-09-01T12:43:00,77.36,77.4,0,0.0,5.19,3.79,0.794,0.366,81.82,
2026-09-01T12:44:00,77.27,77.3,0,0.0,5.35,3.76,0.792,0.366,81.91,
2026-09-01T12:45:00,77.18,77.2,0,0.0,5.33,3.78,0.795,0.366,82.0,
2026-09-01T12:46:00,77.1,77.1,0,0.0,5.04,3.77,0.797,0.364,82.08,
2026-09-01T12:47:00,77.02,77.0,0,0.0,4.86,3.79,0.799,0.365,82.16,
2026-09-01T12:48:00,76.93,76.9,0,0.0,5.42,3.73,0.804,0.366,82.25,
2026-09-01T12:49:00,76.84,76.8,0,0.0,5.1,3.76,0.804,0.365,82.34,
2026-09-01T12:50:00,76.75,76.8,0,0.0,5.55,3.76,0.804,0.364,82.43,
2026-09-01T12:51:00,76.66,76.7,0,0.0,5.41,3.75,0.808,0.363,82.52,
2026-09-01T12:52:00,76.58,76.6,0,0.0,5.15,3.78,0.804,0.363,82.61,
2026-09-01T12:53:00,76.49,76.5,0,0.0,5.38,3.77,0.803,0.362,82.7,
2026-09-01T12:54:00,76.4,76.4,0,0.0,5.25,3.74,0.807,0.362,82.78,
2026-09-01T12:55:00,76.31,76.3,0,0.0,5.28,3.76,0.81,0.361,82.87,
2026-09-01T12:56:00,76.22,76.2,0,0.0,5.57,3.75,0.805,0.363,82.97,
2026-09-01T12:57:00,76.14,76.1,0,0.0,4.84,3.78,0.805,0.361,83.05,
2026-09-01T12:58:00,76.05,76.1,0,0.0,5.17,3.77,0.805,0.361,83.13,
2026-09-01T12:59:00,75.97,76.0,0,0.0,4.97,3.79,0.806,0.36,83.22,
2026-09-01T13:00:00,75.88,75.9,0,0.0,5.08,3.76,0.801,0.358,83.3,pump_failure
2026-09-01T13:01:00,75.81,75.8,0,0.0,4.67,3.78,0.806,0.359,83.38,pump_failure
2026-09-01T13:02:00,75.73,75.7,0,0.0,4.68,3.82,0.802,0.357,83.46,pump_failure
2026-09-01T13:03:00,75.65,75.6,0,0.0,4.88,3.78,0.799,0.356,83.54,pump_failure
2026-09-01T13:04:00,75.56,75.6,0,0.0,5.04,3.77,0.798,0.356,83.62,pump_failure
2026-09-01T13:05:00,75.47,75.5,0,0.0,5.26,3.75,0.796,0.357,83.71,pump_failure
2026-09-01T13:06:00,75.38,75.4,0,0.0,5.37,3.74,0.8,0.356,83.8,pump_failure
2026-09-01T13:07:00,75.3,75.3,0,0.0,5.2,3.78,0.797,0.356,83.89,pump_failure
2026-09-01T13:08:00,75.21,75.2,0,0.0,5.53,3.74,0.793,0.355,83.98,pump_failure
2026-09-01T13:09:00,75.13,75.1,0,0.0,4.7,3.79,0.798,0.355,84.06,pump_failure
2026-09-01T13:10:00,75.05,75.0,0,0.0,4.77,3.78,0.795,0.356,84.13,pump_failure
2026-09-01T13:11:00,74.96,75.0,0,0.0,5.17,3.76,0.79,0.357,84.22,pump_failure
2026-09-01T13:12:00,74.88,74.9,0,0.0,5.14,3.75,0.791,0.358,84.31,pump_failure
2026-09-01T13:13:00,74.79,74.8,0,0.0,4.91,3.79,0.788,0.357,84.39,pump_failure
2026-09-01T13:14:00,74.71,74.7,0,0.0,5.27,3.78,0.784,0.357,84.48,pump_failure
2026-09-01T13:15:00,74.63,74.6,0,0.0,4.61,3.81,0.781,0.358,84.55,pump_failure
2026-09-01T13:16:00,74.55,74.5,0,0.0,4.83,3.78,0.778,0.358,84.63,pump_failure
2026-09-01T13:17:00,74.46,74.5,0,0.0,5.37,3.76,0.78,0.359,84.72,pump_failure
2026-09-01T13:18:00,74.37,74.4,0,0.0,5.1,3.78,0.781,0.362,84.81,pump_failure
2026-09-01T13:19:00,74.29,74.3,0,0.0,4.84,3.8,0.782,0.362,84.89,pump_failure
2026-09-01T13:20:00,74.21,74.2,0,0.0,5.3,3.77,0.78,0.362,84.98,pump_failure
2026-09-01T13:21:00,74.12,74.1,0,0.0,5.1,3.75,0.776,0.364,85.06,pump_failure
2026-09-01T13:22:00,74.04,74.0,0,0.0,4.6,3.78,0.773,0.362,85.14,pump_failure
2026-09-01T13:23:00,73.96,74.0,0,0.0,5.17,3.77,0.772,0.361,85.23,pump_failure
2026-09-01T13:24:00,73.88,73.9,0,0.0,4.61,3.79,0.769,0.363,85.3,pump_failure
2026-09-01T13:25:00,73.8,73.8,0,0.0,5.1,3.78,0.771,0.364,85.39,pump_failure
2026-09-01T13:26:00,73.71,73.7,0,0.0,5.46,3.76,0.77,0.362,85.48,pump_failure
2026-09-01T13:27:00,73.63,73.6,0,0.0,4.6,3.78,0.77,0.362,85.55,pump_failure
2026-09-01T13:28:00,73.55,73.6,0,0.0,4.51,3.79,0.765,0.362,85.63,pump_failure
2026-09-01T13:29:00,73.48,73.5,0,0.0,4.58,3.81,0.77,0.363,85.71,pump_failure
2026-09-01T13:30:00,73.39,73.4,0,0.0,4.94,3.78,0.772,0.36,85.79,pump_failure
2026-09-01T13:31:00,73.31,73.3,0,0.0,4.85,3.8,0.771,0.362,85.87,pump_failure
2026-09-01T13:32:00,73.24,73.2,0,0.0,4.52,3.77,0.774,0.361,85.94,pump_failure
2026-09-01T13:33:00,73.16,73.2,0,0.0,4.72,3.77,0.774,0.36,86.02,pump_failure
2026-09-01T13:34:00,73.08,73.1,0,0.0,4.59,3.79,0.777,0.359,86.1,pump_failure
2026-09-01T13:35:00,73.0,73.0,0,0.0,5.17,3.77,0.773,0.358,86.19,pump_failure
2026-09-01T13:36:00,72.92,72.9,0,0.0,4.53,3.81,0.776,0.36,86.26,pump_failure
2026-09-01T13:37:00,72.84,72.8,0,0.0,4.77,3.8,0.772,0.358,86.34,pump_failure
2026-09-01T13:38:00,72.76,72.8,0,0.0,5.11,3.77,0.777,0.357,86.43,pump_failure
2026-09-01T13:39:00,72.68,72.7,0,0.0,4.5,3.82,0.779,0.359,86.5,pump_failure
2026-09-01T13:40:00,72.6,72.6,0,0.0,4.69,3.82,0.779,0.358,86.58,pump_failure
2026-09-01T13:41:00,72.52,72.5,0,0.0,4.73,3.81,0.778,0.356,86.66,pump_failure
2026-09-01T13:42:00,72.44,72.4,0,0.0,5.36,3.78,0.775,0.356,86.75,pump_failure
2026-09-01T13:43:00,72.35,72.3,0,0.0,5.17,3.77,0.774,0.355,86.83,pump_failure
2026-09-01T13:44:00,72.26,72.3,0,0.0,5.07,3.78,0.771,0.353,86.92,pump_failure
2026-09-01T13:45:00,72.19,72.2,0,0.0,4.51,3.78,0.768,0.351,86.99,pump_failure
2026-09-01T13:46:00,72.12,72.1,0,0.0,4.43,3.79,0.766,0.35,87.07,pump_failure
2026-09-01T13:47:00,72.03,72.0,0,0.0,4.89,3.77,0.768,0.351,87.15,pump_failure
2026-09-01T13:48:00,71.96,72.0,0,0.0,4.64,3.78,0.771,0.351,87.23,pump_failure
2026-09-01T13:49:00,71.87,71.9,0,0.0,5.31,3.77,0.767,0.352,87.31,pump_failure
2026-09-01T13:50:00,71.78,71.8,0,0.0,5.28,3.78,0.771,0.351,87.4,pump_failure
2026-09-01T13:51:00,71.69,71.7,0,0.0,5.31,3.78,0.768,0.349,87.49,pump_failure
2026-09-01T13:52:00,71.61,71.6,0,0.0,5.18,3.75,0.77,0.348,87.58,pump_failure
2026-09-01T13:53:00,71.52,71.5,0,0.0,5.14,3.78,0.772,0.347,87.66,pump_failure
2026-09-01T13:54:00,71.44,71.4,0,0.0,4.8,3.79,0.769,0.346,87.74,pump_failure
2026-09-01T13:55:00,71.36,71.4,0,0.0,4.73,3.78,0.771,0.347,87.82,pump_failure
2026-09-01T13:56:00,71.28,71.3,0,0.0,5.17,3.74,0.771,0.347,87.91,pump_failure
2026-09-01T13:57:00,71.2,71.2,0,0.0,4.59,3.82,0.77,0.346,87.98,pump_failure
2026-09-01T13:58:00,71.11,71.1,0,0.0,5.23,3.75,0.765,0.344,88.07,pump_failure
2026-09-01T13:59:00,71.03,71.0,0,0.0,5.05,3.79,0.767,0.346,88.16,pump_failure
2026-09-01T14:00:00,70.95,70.9,0,0.0,4.75,3.8,0.765,0.347,88.24,pump_failure
2026-09-01T14:01:00,70.88,70.9,0,0.0,4.36,3.81,0.763,0.347,88.31,pump_failure
2026-09-01T14:02:00,70.8,70.8,0,0.0,4.71,3.77,0.76,0.348,88.39,pump_failure
2026-09-01T14:03:00,70.71,70.7,0,0.0,5.08,3.76,0.761,0.349,88.47,pump_failure
2026-09-01T14:04:00,70.63,70.6,0,0.0,4.83,3.78,0.76,0.35,88.55,pump_failure
2026-09-01T14:05:00,70.55,70.5,0,0.0,4.94,3.75,0.756,0.348,88.63,pump_failure
2026-09-01T14:06:00,70.47,70.5,0,0.0,5.03,3.77,0.752,0.349,88.72,pump_failure
2026-09-01T14:07:00,70.38,70.4,0,0.0,5.09,3.77,0.747,0.347,88.8,pump_failure
2026-09-01T14:08:00,70.29,70.3,0,0.0,5.18,3.75,0.749,0.35,88.89,pump_failure
2026-09-01T14:09:00,70.22,70.2,0,0.0,4.4,3.81,0.745,0.351,88.96,pump_failure
2026-09-01T14:10:00,70.14,70.1,0,0.0,5.15,3.75,0.747,0.35,89.05,pump_failure
2026-09-01T14:11:00,70.06,70.1,0,0.0,4.5,3.79,0.751,0.35,89.12,pump_failure
2026-09-01T14:12:00,69.99,70.0,0,0.0,4.42,3.8,0.749,0.349,89.2,pump_failure
2026-09-01T14:13:00,69.9,69.9,0,0.0,4.92,3.76,0.751,0.348,89.28,pump_failure
2026-09-01T14:14:00,69.82,69.8,0,0.0,4.92,3.75,0.75,0.347,89.36,pump_failure
2026-09-01T14:15:00,69.75,69.7,0,0.0,4.37,3.79,0.752,0.345,89.43,pump_failure
2026-09-01T14:16:00,69.68,69.7,0,0.0,4.25,3.82,0.755,0.345,89.5,pump_failure
2026-09-01T14:17:00,69.59,69.6,0,0.0,5.17,3.76,0.752,0.345,89.59,pump_failure
2026-09-01T14:18:00,69.52,69.5,0,0.0,4.31,3.8,0.754,0.347,89.66,pump_failure
2026-09-01T14:19:00,69.45,69.4,0,0.0,4.33,3.79,0.758,0.345,89.73,pump_failure
2026-09-01T14:20:00,69.38,69.4,0,0.0,4.36,3.82,0.76,0.347,89.81,pump_failure
2026-09-01T14:21:00,69.3,69.3,0,0.0,4.36,3.83,0.757,0.345,89.88,pump_failure
2026-09-01T14:22:00,69.22,69.2,0,0.0,4.73,3.76,0.758,0.346,89.96,pump_failure
2026-09-01T14:23:00,69.15,69.1,0,0.0,4.64,3.8,0.76,0.347,90.04,pump_failure
2026-09-01T14:24:00,69.07,69.1,0,0.0,4.37,3.8,0.762,0.346,90.11,pump_failure
2026-09-01T14:25:00,68.99,69.0,0,0.0,5.03,3.75,0.758,0.347,90.19,pump_failure
2026-09-01T14:26:00,68.91,68.9,0,0.0,4.92,3.78,0.756,0.347,90.27,pump_failure
2026-09-01T14:27:00,68.82,68.8,0,0.0,5.12,3.76,0.753,0.346,90.36,pump_failure
2026-09-01T14:28:00,68.75,68.7,0,0.0,4.47,3.77,0.753,0.344,90.43,pump_failure
2026-09-01T14:29:00,68.67,68.7,0,0.0,4.78,3.79,0.756,0.345,90.51,pump_failure
2026-09-01T14:30:00,68.59,68.6,0,0.0,4.86,3.8,0.758,0.344,90.59,
2026-09-01T14:31:00,68.51,68.5,0,0.0,4.49,3.8,0.758,0.343,90.67,
2026-09-01T14:32:00,68.43,68.4,0,0.0,4.91,3.77,0.754,0.342,90.75,
2026-09-01T14:33:00,68.35,68.3,0,0.0,5.05,3.8,0.753,0.343,90.84,
2026-09-01T14:34:00,68.28,68.3,0,0.0,4.31,3.81,0.754,0.342,90.91,
2026-09-01T14:35:00,68.2,68.2,0,0.0,4.7,3.82,0.759,0.34,90.99,
2026-09-01T14:36:00,68.11,68.1,0,0.0,5.08,3.75,0.763,0.338,91.07,
2026-09-01T14:37:00,68.03,68.0,0,0.0,4.74,3.78,0.765,0.336,91.15,
2026-09-01T14:38:00,67.95,68.0,0,0.0,4.92,3.81,0.767,0.337,91.23,
2026-09-01T14:39:00,67.88,67.9,0,0.0,4.22,3.78,0.765,0.335,91.3,
2026-09-01T14:40:00,67.81,67.8,0,0.0,4.24,3.78,0.768,0.336,91.37,
2026-09-01T14:41:00,67.73,67.7,0,0.0,4.68,3.8,0.768,0.338,91.45,
2026-09-01T14:42:00,67.66,67.7,0,0.0,4.59,3.81,0.764,0.337,91.53,
2026-09-01T14:43:00,67.58,67.6,0,0.0,4.71,3.8,0.762,0.338,91.61,
2026-09-01T14:44:00,67.5,67.5,0,0.0,4.5,3.8,0.759,0.338,91.68,
2026-09-01T14:45:00,67.42,67.4,0,0.0,4.97,3.78,0.758,0.339,91.76,
2026-09-01T14:46:00,67.34,67.3,0,0.0,4.8,3.8,0.759,0.34,91.84,
2026-09-01T14:47:00,67.27,67.3,0,0.0,4.27,3.82,0.762,0.338,91.91,
2026-09-01T14:48:00,67.19,67.2,0,0.0,5.01,3.75,0.758,0.339,92.0,
2026-09-01T14:49:00,67.11,67.1,0,0.0,4.62,3.79,0.759,0.341,92.08,
2026-09-01T14:50:00,67.03,67.0,0,0.0,4.51,3.81,0.761,0.342,92.15,
2026-09-01T14:51:00,66.96,67.0,0,0.0,4.33,3.82,0.763,0.341,92.22,
2026-09-01T14:52:00,66.89,66.9,0,0.0,4.38,3.83,0.763,0.341,92.3,
2026-09-01T14:53:00,66.8,66.8,0,0.0,4.96,3.79,0.76,0.342,92.38,
2026-09-01T14:54:00,66.73,66.7,0,0.0,4.35,3.82,0.758,0.343,92.45,
2026-09-01T14:55:00,66.65,66.6,0,0.0,5.07,3.79,0.753,0.341,92.54,
2026-09-01T14:56:00,66.56,66.6,0,0.0,5.0,3.76,0.749,0.34,92.62,
2026-09-01T14:57:00,66.48,66.5,0,0.0,4.92,3.78,0.745,0.339,92.7,
2026-09-01T14:58:00,66.4,66.4,0,0.0,4.68,3.78,0.745,0.339,92.78,
2026-09-01T14:59:00,66.32,66.3,0,0.0,4.79,3.78,0.742,0.34,92.86,
2026-09-01T15:00:00,66.25,66.3,0,0.0,4.36,3.81,0.744,0.341,92.93,
2026-09-01T15:01:00,66.18,66.2,0,0.0,4.48,3.8,0.74,0.341,93.01,
2026-09-01T15:02:00,66.09,66.1,0,0.0,5.09,3.76,0.74,0.339,93.09,
2026-09-01T15:03:00,66.02,66.0,0,0.0,4.64,3.77,0.744,0.339,93.17,
2026-09-01T15:04:00,65.93,65.9,0,0.0,5.1,3.77,0.748,0.339,93.25,
2026-09-01T15:05:00,65.85,65.8,0,0.0,5.0,3.77,0.746,0.342,93.34,
2026-09-01T15:06:00,65.77,65.8,0,0.0,4.69,3.8,0.744,0.343,93.41,
2026-09-01T15:07:00,65.7,65.7,0,0.0,4.38,3.8,0.744,0.344,93.49,
2026-09-01T15:08:00,65.61,65.6,0,0.0,5.18,3.75,0.747,0.345,93.57,
2026-09-01T15:09:00,65.52,65.5,0,0.0,5.26,3.79,0.743,0.344,93.66,
2026-09-01T15:10:00,65.44,65.4,0,0.0,4.78,3.77,0.746,0.346,93.74,
2026-09-01T15:11:00,65.37,65.4,0,0.0,4.65,3.79,0.741,0.346,93.82,
2026-09-01T15:12:00,65.29,65.3,0,0.0,4.54,3.8,0.739,0.344,93.89,
2026-09-01T15:13:00,65.21,65.2,0,0.0,4.96,3.77,0.74,0.343,93.98,
2026-09-01T15:14:00,65.13,65.1,0,0.0,4.85,3.8,0.737,0.341,94.06,
2026-09-01T15:15:00,65.04,65.0,0,0.0,5.25,3.78,0.735,0.341,94.14,
2026-09-01T15:16:00,64.97,65.0,0,0.0,4.39,3.8,0.732,0.342,94.22,
2026-09-01T15:17:00,64.89,64.9,0,0.0,4.74,3.81,0.736,0.343,94.3,
2026-09-01T15:18:00,64.8,64.8,0,0.0,5.34,3.73,0.738,0.341,94.39,
2026-09-01T15:19:00,64.71,64.7,0,0.0,5.26,3.78,0.734,0.341,94.47,
2026-09-01T15:20:00,64.63,64.6,0,0.0,4.96,3.76,0.733,0.343,94.56,
2026-09-01T15:21:00,64.55,64.6,0,0.0,4.51,3.83,0.736,0.343,94.63,
2026-09-01T15:22:00,64.48,64.5,0,0.0,4.56,3.82,0.74,0.344,94.71,
2026-09-01T15:23:00,64.39,64.4,0,0.0,4.99,3.79,0.738,0.342,94.79,
2026-09-01T15:24:00,64.3,64.3,0,0.0,5.46,3.73,0.734,0.341,94.88,
2026-09-01T15:25:00,64.22,64.2,0,0.0,4.64,3.81,0.73,0.339,94.96,
2026-09-01T15:26:00,64.14,64.1,0,0.0,5.09,3.77,0.735,0.337,95.04,
2026-09-01T15:27:00,64.06,64.1,0,0.0,4.78,3.77,0.733,0.335,95.12,
2026-09-01T15:28:00,63.97,64.0,0,0.0,5.36,3.77,0.735,0.335,95.21,
2026-09-01T15:29:00,63.89,63.9,0,0.0,4.89,3.77,0.731,0.334,95.29,
2026-09-01T15:30:00,63.81,63.8,0,0.0,4.79,3.8,0.732,0.335,95.37,
2026-09-01T15:31:00,63.73,63.7,0,0.0,4.76,3.77,0.732,0.333,95.45,
2026-09-01T15:32:00,63.65,63.6,0,0.0,5.04,3.78,0.736,0.333,95.54,
2026-09-01T15:33:00,63.56,63.6,0,0.0,4.86,3.77,0.734,0.335,95.62,
2026-09-01T15:34:00,63.48,63.5,0,0.0,4.79,3.76,0.736,0.337,95.7,
2026-09-01T15:35:00,63.39,63.4,0,0.0,5.54,3.76,0.731,0.336,95.79,
2026-09-01T15:36:00,63.3,63.3,0,0.0,5.58,3.74,0.727,0.335,95.88,
2026-09-01T15:37:00,63.22,63.2,0,0.0,4.98,3.77,0.727,0.335,95.97,
2026-09-01T15:38:00,63.13,63.1,0,0.0,5.46,3.74,0.732,0.336,96.06,
2026-09-01T15:39:00,63.05,63.0,0,0.0,4.8,3.78,0.732,0.334,96.14,
2026-09-01T15:40:00,62.95,63.0,0,0.0,5.58,3.73,0.731,0.336,96.23,
2026-09-01T15:41:00,62.86,62.9,0,0.0,5.67,3.72,0.726,0.334,96.33,
2026-09-01T15:42:00,62.76,62.8,0,0.0,5.73,3.77,0.723,0.333,96.42,
2026-09-01T15:43:00,62.67,62.7,0,0.0,5.75,3.73,0.724,0.333,96.52,
2026-09-01T15:44:00,62.57,62.6,0,0.0,5.58,3.75,0.722,0.332,96.61,
2026-09-01T15:45:00,62.48,62.5,0,0.0,5.8,3.71,0.717,0.331,96.71,
2026-09-01T15:46:00,62.38,62.4,0,0.0,5.93,3.73,0.714,0.329,96.81,
2026-09-01T15:47:00,62.28,62.3,0,0.0,5.96,3.75,0.712,0.331,96.9,
2026-09-01T15:48:00,62.19,62.2,0,0.0,5.04,3.77,0.709,0.332,96.99,
2026-09-01T15:49:00,62.1,62.1,0,0.0,5.66,3.76,0.708,0.33,97.08,
2026-09-01T15:50:00,62.02,62.0,0,0.0,5.08,3.78,0.704,0.33,97.17,
2026-09-01T15:51:00,61.93,61.9,0,0.0,5.32,3.74,0.702,0.331,97.26,
2026-09-01T15:52:00,61.83,61.8,0,0.0,6.11,3.7,0.703,0.333,97.36,
2026-09-01T15:53:00,61.74,61.7,0,0.0,5.41,3.74,0.703,0.332,97.45,
2026-09-01T15:54:00,61.64,61.6,0,0.0,5.8,3.71,0.7,0.33,97.54,
2026-09-01T15:55:00,61.55,61.5,0,0.0,5.35,3.74,0.704,0.329,97.63,
2026-09-01T15:56:00,61.45,61.5,0,0.0,5.84,3.75,0.707,0.331,97.73,
2026-09-01T15:57:00,61.35,61.3,0,0.0,6.19,3.75,0.71,0.33,97.83,
2026-09-01T15:58:00,61.25,61.3,0,0.0,5.72,3.75,0.71,0.331,97.93,
2026-09-01T15:59:00,61.15,61.1,0,0.0,6.41,3.71,0.709,0.329,98.04,
2026-09-01T16:00:00,61.05,61.1,0,0.0,5.58,3.74,0.706,0.329,98.13,
2026-09-01T16:01:00,60.95,60.9,0,0.0,6.47,3.73,0.702,0.329,98.24,
2026-09-01T16:02:00,60.84,60.8,0,0.0,6.63,3.7,0.704,0.331,98.35,
2026-09-01T16:03:00,60.72,60.7,0,0.0,6.69,3.73,0.7,0.33,98.46,
2026-09-01T16:04:00,60.62,60.6,0,0.0,6.31,3.7,0.704,0.331,98.56,
2026-09-01T16:05:00,60.51,60.5,0,0.0,6.68,3.67,0.709,0.329,98.68,
2026-09-01T16:06:00,60.41,60.4,0,0.0,5.86,3.76,0.712,0.327,98.77,
2026-09-01T16:07:00,60.31,60.3,0,0.0,6.07,3.75,0.715,0.327,98.87,
2026-09-01T16:08:00,60.21,60.2,0,0.0,5.88,3.74,0.718,0.329,98.97,
2026-09-01T16:09:00,60.1,60.1,0,0.0,6.59,3.73,0.713,0.329,99.08,
2026-09-01T16:10:00,59.99,60.0,0,0.0,6.64,3.73,0.714,0.329,99.19,
2026-09-01T16:11:00,59.88,59.9,0,0.0,6.51,3.69,0.719,0.327,99.3,
2026-09-01T16:12:00,59.77,59.8,0,0.0,6.97,3.69,0.717,0.325,99.42,
2026-09-01T16:13:00,59.66,59.7,0,0.0,6.51,3.68,0.714,0.326,99.53,
2026-09-01T16:14:00,59.55,59.6,0,0.0,6.2,3.72,0.709,0.325,99.63,
2026-09-01T16:15:00,59.43,59.4,0,0.0,7.18,3.66,0.706,0.323,99.75,
2026-09-01T16:16:00,59.32,59.3,0,0.0,6.96,3.71,0.709,0.321,99.87,
2026-09-01T16:17:00,59.21,59.2,0,0.0,6.49,3.68,0.71,0.32,99.97,
2026-09-01T16:18:00,59.09,59.1,0,0.0,7.34,3.69,0.713,0.319,100.1,
2026-09-01T16:19:00,58.97,59.0,0,0.0,7.32,3.7,0.712,0.318,100.22,
2026-09-01T16:20:00,58.84,58.8,0,0.0,7.49,3.66,0.708,0.317,100.34,
2026-09-01T16:21:00,58.73,58.7,0,0.0,6.66,3.68,0.705,0.316,100.45,
2026-09-01T16:22:00,58.6,58.6,0,0.0,7.62,3.67,0.709,0.317,100.58,
2026-09-01T16:23:00,58.48,58.5,0,0.0,7.25,3.65,0.714,0.316,100.7,
2026-09-01T16:24:00,58.36,58.4,0,0.0,7.37,3.69,0.717,0.315,100.82,
2026-09-01T16:25:00,58.25,58.2,0,0.0,6.76,3.7,0.714,0.317,100.94,
2026-09-01T16:26:00,58.13,58.1,0,0.0,6.94,3.7,0.71,0.318,101.05,
2026-09-01T16:27:00,58.0,58.0,0,0.0,7.61,3.68,0.715,0.32,101.18,
2026-09-01T16:28:00,57.88,57.9,0,0.0,7.17,3.71,0.719,0.319,101.3,
2026-09-01T16:29:00,57.77,57.8,0,0.0,6.7,3.7,0.724,0.319,101.41,
2026-09-01T16:30:00,57.64,57.6,0,0.0,8.15,3.62,0.724,0.318,101.55,
2026-09-01T16:31:00,57.5,57.5,0,0.0,8.17,3.61,0.727,0.316,101.68,
2026-09-01T16:32:00,57.38,57.4,0,0.0,7.18,3.71,0.723,0.317,101.8,
2026-09-01T16:33:00,57.24,57.2,0,0.0,8.22,3.61,0.725,0.315,101.94,
2026-09-01T16:34:00,57.11,57.1,0,0.0,7.91,3.67,0.725,0.317,102.07,
2026-09-01T16:35:00,56.99,57.0,0,0.0,7.4,3.65,0.721,0.319,102.19,
2026-09-01T16:36:00,56.86,56.9,0,0.0,7.45,3.64,0.716,0.32,102.32,
2026-09-01T16:37:00,56.74,56.7,0,0.0,7.71,3.67,0.72,0.322,102.45,
2026-09-01T16:38:00,56.59,56.6,0,0.0,8.57,3.61,0.719,0.323,102.59,
2026-09-01T16:39:00,56.46,56.5,0,0.0,8.1,3.61,0.719,0.321,102.72,
2026-09-01T16:40:00,56.31,56.3,0,0.0,8.68,3.62,0.721,0.321,102.87,
2026-09-01T16:41:00,56.19,56.2,0,0.0,7.61,3.63,0.724,0.323,103.0,
2026-09-01T16:42:00,56.06,56.1,0,0.0,7.89,3.63,0.729,0.323,103.13,
2026-09-01T16:43:00,55.93,55.9,0,0.0,7.59,3.64,0.728,0.321,103.25,
2026-09-01T16:44:00,55.78,55.8,0,0.0,8.76,3.61,0.732,0.319,103.4,
2026-09-01T16:45:00,55.65,55.7,0,0.0,7.75,3.66,0.733,0.318,103.53,
2026-09-01T16:46:00,55.51,55.5,0,0.0,8.48,3.59,0.737,0.319,103.67,
2026-09-01T16:47:00,55.38,55.4,0,0.0,8.01,3.66,0.734,0.32,103.8,
2026-09-01T16:48:00,55.25,55.2,0,0.0,7.96,3.62,0.731,0.321,103.94,
2026-09-01T16:49:00,55.1,55.1,0,0.0,9.07,3.61,0.733,0.321,104.09,
2026-09-01T16:50:00,54.96,55.0,0,0.0,8.39,3.61,0.73,0.319,104.23,
2026-09-01T16:51:00,54.82,54.8,0,0.0,8.07,3.64,0.734,0.317,104.36,
2026-09-01T16:52:00,54.68,54.7,0,0.0,8.33,3.62,0.733,0.319,104.5,
2026-09-01T16:53:00,54.54,54.5,0,0.0,8.65,3.62,0.734,0.321,104.65,
2026-09-01T16:54:00,54.4,54.4,0,0.0,8.55,3.59,0.731,0.323,104.79,
2026-09-01T16:55:00,54.25,54.2,0,0.0,8.79,3.58,0.734,0.321,104.93,
2026-09-01T16:56:00,54.1,54.1,0,0.0,8.9,3.59,0.734,0.32,105.08,
2026-09-01T16:57:00,53.94,53.9,0,0.0,9.63,3.54,0.735,0.322,105.24,
2026-09-01T16:58:00,53.79,53.8,0,0.0,8.81,3.63,0.733,0.324,105.39,
2026-09-01T16:59:00,53.64,53.6,0,0.0,9.38,3.56,0.733,0.326,105.55,
2026-09-01T17:00:00,53.49,53.5,0,0.0,9.04,3.58,0.729,0.326,105.7,
2026-09-01T17:01:00,53.32,53.3,0,0.0,10.13,3.55,0.725,0.327,105.87,
2026-09-01T17:02:00,53.16,53.2,0,0.0,9.41,3.58,0.729,0.325,106.02,
2026-09-01T17:03:00,52.99,53.0,0,0.0,9.97,3.55,0.733,0.326,106.19,
2026-09-01T17:04:00,52.82,52.8,0,0.0,10.51,3.52,0.733,0.326,106.36,
2026-09-01T17:05:00,52.64,52.6,0,0.0,10.69,3.52,0.737,0.324,106.54,
2026-09-01T17:06:00,52.47,52.5,0,0.0,9.99,3.53,0.741,0.322,106.71,
2026-09-01T17:07:00,52.3,52.3,0,0.0,10.55,3.53,0.745,0.324,106.88,
2026-09-01T17:08:00,52.12,52.1,0,0.0,10.81,3.52,0.746,0.324,107.06,
2026-09-01T17:09:00,51.96,52.0,0,0.0,9.5,3.59,0.743,0.324,107.22,
2026-09-01T17:10:00,51.77,51.8,0,0.0,11.37,3.52,0.746,0.324,107.41,
2026-09-01T17:11:00,51.61,51.6,0,0.0,9.67,3.56,0.751,0.326,107.57,
2026-09-01T17:12:00,51.44,51.4,0,0.0,10.39,3.56,0.752,0.328,107.75,
2026-09-01T17:13:00,51.25,51.2,0,0.0,11.32,3.48,0.756,0.327,107.94,
2026-09-01T17:14:00,51.05,51.1,0,0.0,11.58,3.45,0.755,0.329,108.13,
2026-09-01T17:15:00,50.88,50.9,0,0.0,10.56,3.51,0.753,0.33,108.3,
2026-09-01T17:16:00,50.7,50.7,0,0.0,10.77,3.54,0.756,0.332,108.48,
2026-09-01T17:17:00,50.51,50.5,0,0.0,11.21,3.5,0.755,0.33,108.67,
2026-09-01T17:18:00,50.33,50.3,0,0.0,10.84,3.49,0.756,0.329,108.85,
2026-09-01T17:19:00,50.14,50.1,0,0.0,11.69,3.5,0.76,0.33,109.05,
2026-09-01T17:20:00,49.95,49.9,0,0.0,11.34,3.47,0.758,0.329,109.24,
2026-09-01T17:21:00,49.76,49.8,0,0.0,11.36,3.48,0.757,0.33,109.42,
2026-09-01T17:22:00,49.57,49.6,0,0.0,11.1,3.5,0.758,0.33,109.61,
2026-09-01T17:23:00,49.4,49.4,0,0.0,10.39,3.52,0.755,0.33,109.78,
2026-09-01T17:24:00,49.2,49.2,0,0.0,11.78,3.48,0.75,0.329,109.98,
2026-09-01T17:25:00,49.0,49.0,0,0.0,12.52,3.43,0.748,0.33,110.19,
2026-09-01T17:26:00,48.79,48.8,0,0.0,12.27,3.47,0.752,0.33,110.39,
2026-09-01T17:27:00,48.61,48.6,0,0.0,10.65,3.54,0.75,0.331,110.57,
2026-09-01T17:28:00,48.42,48.4,0,0.0,11.34,3.49,0.752,0.33,110.76,
2026-09-01T17:29:00,48.24,48.2,0,0.0,10.99,3.53,0.748,0.33,110.94,
2026-09-01T17:30:00,48.02,48.0,0,0.0,13.17,3.4,0.751,0.328,111.16,
2026-09-01T17:31:00,47.83,47.8,0,0.0,11.56,3.47,0.753,0.326,111.35,
2026-09-01T17:32:00,47.64,47.6,0,0.0,11.44,3.47,0.756,0.328,111.54,
2026-09-01T17:33:00,47.42,47.4,0,0.0,12.87,3.44,0.76,0.33,111.76,
2026-09-01T17:34:00,47.2,47.2,0,0.0,13.16,3.41,0.756,0.33,111.98,
2026-09-01T17:35:00,47.01,47.0,0,0.0,11.98,3.46,0.753,0.332,112.18,
2026-09-01T17:36:00,46.78,46.8,0,0.0,13.41,3.42,0.748,0.333,112.4,
2026-09-01T17:37:00,46.58,46.6,0,0.0,11.84,3.49,0.751,0.335,112.6,
2026-09-01T17:38:00,46.38,46.4,0,0.0,12.06,3.45,0.755,0.336,112.8,
2026-09-01T17:39:00,46.16,46.2,0,0.0,13.3,3.39,0.759,0.334,113.02,
2026-09-01T17:40:00,45.95,45.9,0,0.0,12.87,3.43,0.755,0.336,113.24,
2026-09-01T17:41:00,45.75,45.8,0,0.0,11.72,3.46,0.756,0.338,113.43,
2026-09-01T17:42:00,45.55,45.5,0,0.0,12.18,3.47,0.757,0.338,113.63,
2026-09-01T17:43:00,45.34,45.3,0,0.0,12.7,3.41,0.761,0.34,113.85,
2026-09-01T17:44:00,45.11,45.1,0,0.0,13.83,3.39,0.759,0.34,114.08,
2026-09-01T17:45:00,44.89,44.9,0,0.0,12.95,3.4,0.759,0.339,114.29,
2026-09-01T17:46:00,44.65,44.6,0,0.0,14.57,3.37,0.761,0.34,114.54,
2026-09-01T17:47:00,44.42,44.4,0,0.0,13.89,3.36,0.76,0.34,114.77,
2026-09-01T17:48:00,44.21,44.2,0,0.0,12.19,3.47,0.763,0.34,114.97,
2026-09-01T17:49:00,44.01,44.0,0,0.0,12.23,3.47,0.764,0.342,115.17,
2026-09-01T17:50:00,43.78,43.8,0,0.0,13.92,3.34,0.762,0.341,115.41,
2026-09-01T17:51:00,43.54,43.5,0,0.0,14.55,3.33,0.766,0.341,115.65,
2026-09-01T17:52:00,43.3,43.3,0,0.0,14.18,3.36,0.765,0.341,115.88,
2026-09-01T17:53:00,43.07,43.1,0,0.0,13.44,3.38,0.765,0.34,116.11,
2026-09-01T17:54:00,42.83,42.8,0,0.0,14.43,3.37,0.764,0.338,116.35,
2026-09-01T17:55:00,42.62,42.6,0,0.0,12.9,3.42,0.765,0.336,116.56,
2026-09-01T17:56:00,42.37,42.4,0,0.0,15.05,3.32,0.767,0.338,116.81,
2026-09-01T17:57:00,42.13,42.1,0,0.0,14.46,3.34,0.763,0.337,117.06,
2026-09-01T17:58:00,41.91,41.9,0,0.0,12.98,3.45,0.764,0.338,117.27,
2026-09-01T17:59:00,41.66,41.7,0,0.0,15.33,3.3,0.767,0.337,117.53,
2026-09-01T18:00:00,41.4,41.4,0,0.0,15.49,3.29,0.763,0.338,117.79,
2026-09-01T18:01:00,41.14,41.1,0,0.0,15.21,3.34,0.766,0.339,118.04,
2026-09-01T18:02:00,40.89,40.9,0,0.0,15.41,3.31,0.768,0.34,118.3,
2026-09-01T18:03:00,40.63,40.6,0,0.0,15.14,3.33,0.769,0.342,118.55,
2026-09-01T18:04:00,40.37,40.4,0,0.0,16.16,3.26,0.769,0.34,118.82,
2026-09-01T18:05:00,40.12,40.1,0,0.0,14.45,3.32,0.771,0.339,119.06,
2026-09-01T18:06:00,39.87,39.9,0,0.0,15.07,3.3,0.773,0.337,119.31,
2026-09-01T18:07:00,39.64,39.6,0,0.0,14.11,3.37,0.776,0.338,119.55,
2026-09-01T18:08:00,39.37,39.4,0,0.0,16.24,3.28,0.776,0.34,119.82,
2026-09-01T18:09:00,39.1,39.1,0,0.0,16.14,3.29,0.78,0.341,120.08,
2026-09-01T18:10:00,38.86,38.9,0,0.0,14.2,3.34,0.776,0.34,120.32,
2026-09-01T18:11:00,38.62,38.6,0,0.0,14.51,3.37,0.779,0.34,120.56,
2026-09-01T18:12:00,38.38,38.4,0,0.0,14.35,3.37,0.777,0.341,120.8,
2026-09-01T18:13:00,38.15,38.1,0,0.0,14.13,3.36,0.779,0.342,121.04,
2026-09-01T18:14:00,37.9,37.9,0,0.0,14.87,3.35,0.778,0.341,121.29,
2026-09-01T18:15:00,37.65,37.7,0,0.0,14.79,3.32,0.781,0.342,121.53,
2026-09-01T18:16:00,37.39,37.4,0,0.0,15.51,3.32,0.782,0.342,121.79,
2026-09-01T18:17:00,37.11,37.1,0,0.0,17.07,3.21,0.786,0.342,122.08,
2026-09-01T18:18:00,36.85,36.8,0,0.0,15.74,3.31,0.785,0.343,122.34,
2026-09-01T18:19:00,36.59,36.6,0,0.0,15.17,3.29,0.788,0.344,122.59,
2026-09-01T18:20:00,36.35,36.3,0,0.0,14.72,3.32,0.787,0.343,122.84,
2026-09-01T18:21:00,36.08,36.1,0,0.0,16.15,3.3,0.787,0.345,123.1,
2026-09-01T18:22:00,35.82,35.8,0,0.0,15.41,3.32,0.79,0.344,123.36,
2026-09-01T18:23:00,35.55,35.6,0,0.0,16.01,3.29,0.787,0.344,123.63,
2026-09-01T18:24:00,35.28,35.3,0,0.0,16.55,3.23,0.784,0.344,123.9,
2026-09-01T18:25:00,35.0,35.0,0,0.0,17.02,3.21,0.787,0.344,124.19,
2026-09-01T18:26:00,34.73,34.7,1,0.0,16.19,3.29,0.833,0.345,124.46,
2026-09-01T18:27:00,34.63,34.6,1,11.0,16.65,3.26,0.882,0.343,124.74,
2026-09-01T18:28:00,34.7,34.7,1,22.0,17.86,3.19,0.927,0.344,125.03,
2026-09-01T18:29:00,34.81,34.8,1,22.0,15.4,3.3,0.973,0.345,125.29,
2026-09-01T18:30:00,34.91,34.9,1,22.0,15.85,3.31,1.019,0.343,125.55,
2026-09-01T18:31:00,34.99,35.0,1,22.0,17.07,3.24,1.067,0.345,125.84,
2026-09-01T18:32:00,35.08,35.1,1,22.0,17.17,3.22,1.113,0.345,126.12,
2026-09-01T18:33:00,35.17,35.2,1,22.0,16.19,3.28,1.16,0.346,126.39,
2026-09-01T18:34:00,35.24,35.2,1,22.0,17.7,3.19,1.208,0.346,126.69,
2026-09-01T18:35:00,35.32,35.3,1,22.0,17.43,3.22,1.256,0.347,126.98,
2026-09-01T18:36:00,35.39,35.4,1,22.0,18.0,3.22,1.305,0.348,127.28,
2026-09-01T18:37:00,35.45,35.5,1,22.0,18.09,3.18,1.352,0.349,127.58,
2026-09-01T18:38:00,35.51,35.5,1,22.0,18.29,3.2,1.351,0.349,127.89,
2026-09-01T18:39:00,35.62,35.6,1,22.0,15.91,3.3,1.347,0.351,128.15,
2026-09-01T18:40:00,35.69,35.7,1,22.0,17.65,3.21,1.344,0.349,128.45,
2026-09-01T18:41:00,35.78,35.8,1,22.0,16.44,3.27,1.339,0.35,128.72,
2026-09-01T18:42:00,35.84,35.8,1,22.0,18.2,3.17,1.339,0.35,129.02,
2026-09-01T18:43:00,35.95,36.0,1,22.0,15.42,3.34,1.341,0.351,129.28,
2026-09-01T18:44:00,36.03,36.0,1,22.0,17.5,3.18,1.343,0.35,129.57,
2026-09-01T18:45:00,36.12,36.1,1,22.0,16.72,3.24,1.343,0.352,129.85,
2026-09-01T18:46:00,36.2,36.2,1,22.0,16.94,3.22,1.345,0.352,130.13,
2026-09-01T18:47:00,36.28,36.3,1,22.0,17.5,3.2,1.347,0.354,130.42,
2026-09-01T18:48:00,36.35,36.3,1,22.0,17.63,3.19,1.348,0.353,130.72,
2026-09-01T18:49:00,36.45,36.5,1,22.0,15.85,3.31,1.344,0.355,130.98,
2026-09-01T18:50:00,36.52,36.5,1,22.0,17.86,3.17,1.34,0.354,131.28,
2026-09-01T18:51:00,36.62,36.6,1,22.0,15.78,3.27,1.337,0.354,131.54,
2026-09-01T18:52:00,36.72,36.7,1,22.0,16.33,3.27,1.334,0.355,131.82,
2026-09-01T18:53:00,36.79,36.8,1,22.0,17.86,3.18,1.33,0.354,132.11,
2026-09-01T18:54:00,36.87,36.9,1,22.0,17.16,3.21,1.334,0.353,132.4,
2026-09-01T18:55:00,36.96,37.0,1,22.0,16.6,3.22,1.336,0.354,132.68,
2026-09-01T18:56:00,37.01,37.0,1,22.0,18.58,3.18,1.338,0.375,132.99,
2026-09-01T18:57:00,37.11,37.1,1,22.0,15.99,3.26,1.338,0.397,133.25,
2026-09-01T18:58:00,37.18,37.2,1,22.0,17.97,3.17,1.335,0.417,133.55,
2026-09-01T18:59:00,37.28,37.3,1,22.0,16.27,3.3,1.333,0.438,133.82,
2026-09-01T19:00:00,37.36,37.4,1,22.0,17.08,3.21,1.33,0.459,134.11,
2026-09-01T19:01:00,37.47,37.5,1,22.0,15.61,3.28,1.333,0.48,134.37,
2026-09-01T19:02:00,37.56,37.6,1,22.0,16.55,3.27,1.329,0.501,134.64,
2026-09-01T19:03:00,37.62,37.6,1,22.0,18.08,3.16,1.333,0.522,134.94,
2026-09-01T19:04:00,37.69,37.7,1,22.0,17.75,3.18,1.331,0.544,135.24,
2026-09-01T19:05:00,37.78,37.8,1,22.0,16.96,3.24,1.335,0.565,135.52,
2026-09-01T19:06:00,37.88,37.9,1,22.0,15.77,3.31,1.332,0.587,135.79,
2026-09-01T19:07:00,37.97,38.0,1,22.0,16.82,3.27,1.33,0.608,136.07,
2026-09-01T19:08:00,38.05,38.1,1,22.0,16.75,3.27,1.333,0.608,136.35,
2026-09-01T19:09:00,38.13,38.1,1,22.0,17.64,3.22,1.329,0.606,136.64,
2026-09-01T19:10:00,38.2,38.2,1,22.0,17.78,3.17,1.333,0.605,136.94,
2026-09-01T19:11:00,38.3,38.3,1,22.0,15.93,3.28,1.334,0.603,137.2,
2026-09-01T19:12:00,38.36,38.4,1,22.0,18.11,3.2,1.331,0.603,137.5,
2026-09-01T19:13:00,38.45,38.5,1,22.0,16.64,3.24,1.326,0.603,137.78,
2026-09-01T19:14:00,38.53,38.5,1,22.0,17.66,3.23,1.331,0.604,138.07,
2026-09-01T19:15:00,38.63,38.6,1,22.0,15.75,3.32,1.327,0.605,138.34,
2026-09-01T19:16:00,38.72,38.7,1,22.0,16.68,3.22,1.325,0.605,138.62,
2026-09-01T19:17:00,38.81,38.8,1,22.0,16.32,3.28,1.326,0.606,138.89,
2026-09-01T19:18:00,38.88,38.9,1,22.0,17.83,3.2,1.327,0.607,139.18,
2026-09-01T19:19:00,38.94,38.9,1,22.0,18.5,3.18,1.326,0.605,139.49,
2026-09-01T19:20:00,39.03,39.0,1,22.0,16.93,3.25,1.322,0.603,139.77,
2026-09-01T19:21:00,39.1,39.1,1,22.0,17.37,3.2,1.32,0.602,140.06,
2026-09-01T19:22:00,39.18,39.2,1,22.0,17.38,3.21,1.323,0.6,140.35,
2026-09-01T19:23:00,39.26,39.3,1,22.0,16.94,3.27,1.319,0.598,140.64,
2026-09-01T19:24:00,39.34,39.3,1,22.0,17.19,3.21,1.322,0.6,140.92,
2026-09-01T19:25:00,39.41,39.4,1,22.0,17.84,3.22,1.318,0.601,141.22,
2026-09-01T19:26:00,39.5,39.5,1,22.0,16.6,3.24,1.323,0.602,141.5,
2026-09-01T19:27:00,39.62,39.6,1,22.0,15.09,3.3,1.324,0.602,141.75,
2026-09-01T19:28:00,39.71,39.7,1,22.0,16.21,3.25,1.324,0.601,142.02,
2026-09-01T19:29:00,39.79,39.8,1,22.0,17.48,3.21,1.328,0.6,142.31,
2026-09-01T19:30:00,39.89,39.9,1,22.0,16.26,3.25,1.328,0.599,142.58,
2026-09-01T19:31:00,39.97,40.0,1,22.0,16.89,3.22,1.327,0.6,142.86,
2026-09-01T19:32:00,40.06,40.1,1,22.0,16.52,3.23,1.323,0.598,143.14,
2026-09-01T19:33:00,40.15,40.2,1,22.0,16.62,3.26,1.321,0.6,143.41,
2026-09-01T19:34:00,40.25,40.2,1,22.0,16.25,3.25,1.322,0.599,143.69,
2026-09-01T19:35:00,40.32,40.3,1,22.0,17.63,3.2,1.318,0.601,143.98,
2026-09-01T19:36:00,40.43,40.4,1,22.0,15.22,3.31,1.319,0.599,144.23,
2026-09-01T19:37:00,40.53,40.5,1,22.0,16.44,3.26,1.32,0.598,144.51,
2026-09-01T19:38:00,40.61,40.6,1,22.0,16.69,3.23,1.323,0.6,144.79,
2026-09-01T19:39:00,40.73,40.7,1,22.0,15.05,3.31,1.326,0.598,145.04,
2026-09-01T19:40:00,40.81,40.8,1,22.0,17.34,3.21,1.326,0.6,145.33,
2026-09-01T19:41:00,40.9,40.9,1,22.0,16.44,3.23,1.323,0.6,145.6,
2026-09-01T19:42:00,41.02,41.0,1,22.0,14.61,3.36,1.325,0.599,145.84,
2026-09-01T19:43:00,41.15,41.2,1,22.0,14.44,3.36,1.322,0.597,146.08,
2026-09-01T19:44:00,41.23,41.2,1,22.0,16.95,3.23,1.322,0.599,146.37,
2026-09-01T19:45:00,41.33,41.3,1,22.0,16.41,3.27,1.318,0.597,146.64,
2026-09-01T19:46:00,41.44,41.4,1,22.0,15.2,3.34,1.321,0.596,146.89,
2026-09-01T19:47:00,41.55,41.5,1,22.0,15.67,3.31,1.321,0.597,147.15,
2026-09-01T19:48:00,41.65,41.6,1,22.0,15.81,3.32,1.317,0.597,147.42,
2026-09-01T19:49:00,41.76,41.8,1,22.0,15.24,3.32,1.313,0.596,147.67,
2026-09-01T19:50:00,41.85,41.9,1,22.0,16.49,3.28,1.312,0.595,147.95,
2026-09-01T19:51:00,41.97,42.0,1,22.0,15.12,3.34,1.309,0.594,148.2,
2026-09-01T19:52:00,42.08,42.1,1,22.0,15.25,3.33,1.305,0.596,148.45,
2026-09-01T19:53:00,42.2,42.2,1,22.0,14.6,3.35,1.309,0.594,148.7,
2026-09-01T19:54:00,42.32,42.3,1,22.0,14.87,3.32,1.314,0.595,148.94,
2026-09-01T19:55:00,42.42,42.4,1,22.0,16.01,3.3,1.312,0.593,149.21,
2026-09-01T19:56:00,42.52,42.5,1,22.0,16.06,3.31,1.311,0.595,149.48,
2026-09-01T19:57:00,42.66,42.7,1,22.0,13.54,3.39,1.313,0.596,149.7,
2026-09-01T19:58:00,42.78,42.8,1,22.0,15.25,3.3,1.315,0.596,149.96,
2026-09-01T19:59:00,42.88,42.9,1,22.0,15.49,3.32,1.32,0.597,150.22,
2026-09-01T20:00:00,43.01,43.0,1,22.0,14.74,3.32,1.321,0.597,150.46,sensor_freeze
2026-09-01T20:01:00,43.01,43.0,1,22.0,13.68,3.38,1.323,0.597,150.69,sensor_freeze
2026-09-01T20:02:00,43.01,43.0,1,22.0,15.55,3.31,1.327,0.595,150.95,sensor_freeze
2026-09-01T20:03:00,43.01,43.0,1,22.0,14.11,3.38,1.326,0.594,151.18,sensor_freeze
2026-09-01T20:04:00,43.01,43.0,1,22.0,12.93,3.41,1.325,0.595,151.4,sensor_freeze
2026-09-01T20:05:00,43.01,43.0,1,22.0,14.12,3.37,1.325,0.593,151.63,sensor_freeze
2026-09-01T20:06:00,43.01,43.0,1,22.0,14.52,3.37,1.323,0.593,151.88,sensor_freeze
2026-09-01T20:07:00,43.01,43.0,1,22.0,14.7,3.36,1.323,0.594,152.12,sensor_freeze
2026-09-01T20:08:00,43.01,43.0,1,22.0,12.35,3.42,1.324,0.595,152.33,sensor_freeze
2026-09-01T20:09:00,43.01,43.0,1,22.0,12.74,3.44,1.321,0.597,152.54,sensor_freeze
2026-09-01T20:10:00,43.01,43.0,1,22.0,12.89,3.4,1.324,0.597,152.75,sensor_freeze
2026-09-01T20:11:00,43.01,43.0,1,22.0,13.88,3.36,1.327,0.595,152.99,sensor_freeze
2026-09-01T20:12:00,43.01,43.0,1,22.0,12.04,3.48,1.323,0.596,153.19,sensor_freeze
2026-09-01T20:13:00,43.01,43.0,1,22.0,14.15,3.38,1.327,0.595,153.42,sensor_freeze
2026-09-01T20:14:00,43.01,43.0,1,22.0,13.72,3.39,1.324,0.595,153.65,sensor_freeze
2026-09-01T20:15:00,43.01,43.0,1,22.0,13.73,3.4,1.322,0.593,153.88,sensor_freeze
2026-09-01T20:16:00,43.01,43.0,1,22.0,13.32,3.43,1.321,0.595,154.1,sensor_freeze
2026-09-01T20:17:00,43.01,43.0,1,22.0,13.97,3.4,1.319,0.594,154.34,sensor_freeze
2026-09-01T20:18:00,43.01,43.0,1,22.0,12.83,3.39,1.317,0.593,154.55,sensor_freeze
2026-09-01T20:19:00,43.01,43.0,1,22.0,12.91,3.44,1.32,0.591,154.76,sensor_freeze
2026-09-01T20:20:00,43.01,43.0,1,22.0,13.33,3.42,1.322,0.591,154.99,sensor_freeze
2026-09-01T20:21:00,43.01,43.0,1,22.0,12.77,3.44,1.323,0.589,155.2,sensor_freeze
2026-09-01T20:22:00,43.01,43.0,1,22.0,12.56,3.45,1.327,0.587,155.41,sensor_freeze
2026-09-01T20:23:00,43.01,43.0,1,22.0,11.71,3.45,1.329,0.589,155.6,sensor_freeze
2026-09-01T20:24:00,43.01,43.0,1,22.0,11.35,3.47,1.329,0.591,155.79,sensor_freeze
2026-09-01T20:25:00,43.01,43.0,1,22.0,11.72,3.47,1.33,0.59,155.99,sensor_freeze
2026-09-01T20:26:00,43.01,43.0,1,22.0,11.03,3.51,1.328,0.59,156.17,sensor_freeze
2026-09-01T20:27:00,43.01,43.0,1,22.0,11.41,3.5,1.324,0.591,156.36,sensor_freeze
2026-09-01T20:28:00,43.01,43.0,1,22.0,10.9,3.5,1.32,0.592,156.54,sensor_freeze
2026-09-01T20:29:00,43.01,43.0,1,22.0,12.61,3.44,1.321,0.594,156.75,sensor_freeze
2026-09-01T20:30:00,43.01,43.0,1,22.0,11.49,3.49,1.32,0.594,156.95,sensor_freeze
2026-09-01T20:31:00,43.01,43.0,1,22.0,12.06,3.45,1.317,0.595,157.15,sensor_freeze
2026-09-01T20:32:00,43.01,43.0,1,22.0,10.59,3.5,1.317,0.597,157.32,sensor_freeze
2026-09-01T20:33:00,43.01,43.0,1,22.0,11.02,3.51,1.313,0.597,157.51,sensor_freeze
2026-09-01T20:34:00,43.01,43.0,1,22.0,10.49,3.51,1.311,0.596,157.68,sensor_freeze
2026-09-01T20:35:00,43.01,43.0,1,22.0,10.7,3.5,1.314,0.596,157.86,sensor_freeze
2026-09-01T20:36:00,43.01,43.0,1,22.0,10.97,3.54,1.317,0.595,158.04,sensor_freeze
2026-09-01T20:37:00,43.01,43.0,1,22.0,11.84,3.44,1.319,0.595,158.24,sensor_freeze
2026-09-01T20:38:00,43.01,43.0,1,22.0,10.59,3.55,1.32,0.596,158.42,sensor_freeze
2026-09-01T20:39:00,43.01,43.0,1,22.0,10.86,3.54,1.322,0.594,158.6,sensor_freeze
2026-09-01T20:40:00,43.01,43.0,1,22.0,10.12,3.57,1.326,0.596,158.77,sensor_freeze
2026-09-01T20:41:00,43.01,43.0,1,22.0,10.16,3.55,1.324,0.597,158.94,sensor_freeze
2026-09-01T20:42:00,43.01,43.0,1,22.0,11.15,3.52,1.323,0.595,159.12,sensor_freeze
2026-09-01T20:43:00,43.01,43.0,1,22.0,10.82,3.51,1.318,0.597,159.3,sensor_freeze
2026-09-01T20:44:00,43.01,43.0,1,22.0,10.9,3.49,1.319,0.596,159.48,sensor_freeze
2026-09-01T20:45:00,43.01,43.0,1,22.0,10.89,3.49,1.323,0.595,159.66,sensor_freeze
2026-09-01T20:46:00,43.01,43.0,1,22.0,9.97,3.52,1.319,0.594,159.83,sensor_freeze
2026-09-01T20:47:00,43.01,43.0,1,22.0,10.13,3.56,1.323,0.594,160.0,sensor_freeze
2026-09-01T20:48:00,43.01,43.0,1,22.0,9.55,3.55,1.323,0.592,160.16,sensor_freeze
2026-09-01T20:49:00,43.01,43.0,1,22.0,9.99,3.58,1.326,0.594,160.33,sensor_freeze
2026-09-01T20:50:00,43.01,43.0,1,22.0,9.78,3.59,1.328,0.595,160.49,sensor_freeze
2026-09-01T20:51:00,43.01,43.0,1,22.0,8.75,3.6,1.327,0.595,160.63,sensor_freeze
2026-09-01T20:52:00,43.01,43.0,1,22.0,8.53,3.59,1.329,0.597,160.78,sensor_freeze
2026-09-01T20:53:00,43.01,43.0,1,22.0,9.31,3.59,1.327,0.598,160.93,sensor_freeze
2026-09-01T20:54:00,43.01,43.0,1,22.0,8.67,3.6,1.328,0.598,161.08,sensor_freeze
2026-09-01T20:55:00,43.01,43.0,1,22.0,8.89,3.57,1.33,0.599,161.22,sensor_freeze
2026-09-01T20:56:00,43.01,43.0,1,22.0,8.97,3.6,1.331,0.597,161.37,sensor_freeze
2026-09-01T20:57:00,43.01,43.0,1,22.0,9.26,3.59,1.333,0.596,161.53,sensor_freeze
2026-09-01T20:58:00,43.01,43.0,1,22.0,7.97,3.67,1.329,0.594,161.66,sensor_freeze
2026-09-01T20:59:00,43.01,43.0,1,22.0,9.12,3.58,1.325,0.595,161.81,sensor_freeze
2026-09-01T21:00:00,53.5,53.5,1,22.0,8.98,3.59,1.324,0.594,161.96,
2026-09-01T21:01:00,53.73,53.7,1,22.0,8.7,3.61,1.324,0.593,162.11,
2026-09-01T21:02:00,53.96,54.0,1,22.0,7.73,3.65,1.327,0.593,162.24,
2026-09-01T21:03:00,54.19,54.2,1,22.0,8.32,3.65,1.324,0.591,162.38,
2026-09-01T21:04:00,54.42,54.4,1,22.0,8.44,3.65,1.327,0.59,162.52,
2026-09-01T21:05:00,54.64,54.6,1,22.0,8.42,3.61,1.331,0.591,162.66,
2026-09-01T21:06:00,54.88,54.9,1,22.0,8.05,3.64,1.327,0.593,162.79,
2026-09-01T21:07:00,55.12,55.1,1,22.0,7.09,3.69,1.328,0.594,162.91,
2026-09-01T21:08:00,55.35,55.4,1,22.0,8.47,3.61,1.33,0.594,163.05,
2026-09-01T21:09:00,55.58,55.6,1,22.0,8.31,3.62,1.33,0.595,163.19,
2026-09-01T21:10:00,55.81,55.8,1,22.0,7.82,3.65,1.326,0.597,163.32,
2026-09-01T21:11:00,56.06,56.1,1,22.0,7.09,3.7,1.323,0.596,163.44,
2026-09-01T21:12:00,56.31,56.3,1,22.0,6.94,3.71,1.327,0.595,163.55,
2026-09-01T21:13:00,56.55,56.6,1,22.0,7.84,3.67,1.332,0.593,163.68,
2026-09-01T21:14:00,56.8,56.8,1,22.0,7.18,3.68,1.329,0.593,163.8,
2026-09-01T21:15:00,57.06,57.1,1,22.0,6.53,3.68,1.332,0.595,163.91,
2026-09-01T21:16:00,57.3,57.3,1,22.0,7.05,3.67,1.328,0.593,164.03,
2026-09-01T21:17:00,57.55,57.6,1,22.0,7.2,3.65,1.329,0.595,164.15,
2026-09-01T21:18:00,57.79,57.8,1,22.0,7.45,3.65,1.329,0.595,164.27,
2026-09-01T21:19:00,58.04,58.0,1,22.0,6.97,3.67,1.33,0.597,164.39,
2026-09-01T21:20:00,58.3,58.3,1,22.0,6.81,3.69,1.328,0.598,164.5,
2026-09-01T21:21:00,58.55,58.6,1,22.0,6.55,3.68,1.325,0.597,164.61,
2026-09-01T21:22:00,58.82,58.8,1,22.0,6.19,3.74,1.325,0.598,164.72,
2026-09-01T21:23:00,59.07,59.1,1,22.0,6.92,3.67,1.327,0.597,164.83,
2026-09-01T21:24:00,59.32,59.3,1,22.0,6.88,3.69,1.326,0.598,164.95,
2026-09-01T21:25:00,59.59,59.6,1,22.0,6.07,3.73,1.322,0.598,165.05,
2026-09-01T21:26:00,59.85,59.8,1,22.0,6.37,3.73,1.326,0.599,165.15,
2026-09-01T21:27:00,60.12,60.1,1,22.0,5.71,3.75,1.324,0.6,165.25,
2026-09-01T21:28:00,60.38,60.4,1,22.0,6.54,3.68,1.319,0.598,165.36,
2026-09-01T21:29:00,60.65,60.7,1,22.0,5.42,3.76,1.315,0.596,165.45,
2026-09-01T21:30:00,60.92,60.9,1,22.0,6.02,3.72,1.316,0.596,165.55,
2026-09-01T21:31:00,61.18,61.2,1,22.0,6.32,3.72,1.316,0.596,165.65,
2026-09-01T21:32:00,61.44,61.4,1,22.0,6.34,3.71,1.319,0.597,165.76,
2026-09-01T21:33:00,61.72,61.7,1,22.0,5.54,3.73,1.322,0.596,165.85,
2026-09-01T21:34:00,61.98,62.0,1,22.0,5.88,3.72,1.321,0.597,165.95,
2026-09-01T21:35:00,62.26,62.3,1,22.0,5.56,3.74,1.321,0.599,166.04,
2026-09-01T21:36:00,62.53,62.5,1,22.0,5.65,3.77,1.324,0.597,166.14,
2026-09-01T21:37:00,62.81,62.8,1,22.0,5.52,3.73,1.325,0.598,166.23,
2026-09-01T21:38:00,63.08,63.1,1,22.0,5.27,3.74,1.329,0.599,166.32,
2026-09-01T21:39:00,63.36,63.4,1,22.0,5.43,3.78,1.331,0.598,166.41,
2026-09-01T21:40:00,63.64,63.6,1,22.0,5.17,3.76,1.329,0.597,166.49,
2026-09-01T21:41:00,63.92,63.9,1,22.0,5.11,3.74,1.327,0.595,166.58,
2026-09-01T21:42:00,64.21,64.2,1,22.0,4.59,3.78,1.331,0.597,166.65,
2026-09-01T21:43:00,64.5,64.5,1,22.0,4.85,3.78,1.331,0.599,166.73,
2026-09-01T21:44:00,64.79,64.8,1,22.0,4.47,3.83,1.329,0.598,166.81,
2026-09-01T21:45:00,65.07,65.1,1,22.0,5.05,3.77,1.333,0.599,166.89,
2026-09-01T21:46:00,65.36,65.4,1,22.0,5.11,3.76,1.333,0.598,166.98,
2026-09-01T21:47:00,65.65,65.6,1,22.0,4.42,3.81,1.332,0.598,167.05,
2026-09-01T21:48:00,65.93,65.9,1,22.0,4.8,3.8,1.332,0.598,167.13,
2026-09-01T21:49:00,66.23,66.2,1,22.0,4.48,3.82,1.332,0.598,167.21,
2026-09-01T21:50:00,66.52,66.5,1,22.0,4.4,3.82,1.332,0.598,167.28,
2026-09-01T21:51:00,66.81,66.8,1,22.0,4.46,3.81,1.332,0.596,167.35,
2026-09-01T21:52:00,67.11,67.1,1,22.0,4.1,3.8,1.328,0.596,167.42,
2026-09-01T21:53:00,67.4,67.4,1,22.0,4.48,3.78,1.325,0.597,167.5,
2026-09-01T21:54:00,67.7,67.7,1,22.0,4.18,3.83,1.321,0.597,167.57,
2026-09-01T21:55:00,68.0,68.0,1,22.0,4.01,3.84,1.323,0.595,167.63,
2026-09-01T21:56:00,68.3,68.3,1,22.0,4.16,3.81,1.32,0.597,167.7,
2026-09-01T21:57:00,68.6,68.6,1,22.0,3.84,3.85,1.315,0.596,167.77,
2026-09-01T21:58:00,68.9,68.9,1,22.0,3.7,3.84,1.312,0.594,167.83,
2026-09-01T21:59:00,69.2,69.2,1,22.0,4.12,3.79,1.313,0.592,167.9,
2026-09-01T22:00:00,69.51,69.5,1,22.0,3.61,3.82,1.31,0.592,167.96,
2026-09-01T22:01:00,69.8,69.8,1,22.0,4.26,3.81,1.31,0.592,168.03,
2026-09-01T22:02:00,70.11,70.1,1,22.0,3.48,3.86,1.312,0.593,168.09,
2026-09-01T22:03:00,70.42,70.4,1,22.0,3.64,3.81,1.311,0.595,168.15,
2026-09-01T22:04:00,70.72,70.7,1,22.0,4.12,3.84,1.308,0.595,168.22,
2026-09-01T22:05:00,71.02,71.0,1,22.0,3.94,3.83,1.311,0.595,168.28,
2026-09-01T22:06:00,71.32,71.3,1,22.0,3.88,3.81,1.313,0.596,168.35,
2026-09-01T22:07:00,71.63,71.6,1,22.0,3.43,3.86,1.311,0.596,168.4,
2026-09-01T22:08:00,71.94,71.9,1,22.0,3.52,3.85,1.308,0.598,168.46,
2026-09-01T22:09:00,72.25,72.2,1,22.0,3.42,3.82,1.305,0.599,168.52,
2026-09-01T22:10:00,72.55,72.6,1,22.0,3.71,3.83,1.305,0.598,168.58,
2026-09-01T22:11:00,72.87,72.9,1,22.0,3.17,3.83,1.304,0.597,168.63,
2026-09-01T22:12:00,73.18,73.2,1,22.0,3.44,3.82,1.307,0.599,168.69,
2026-09-01T22:13:00,73.49,73.5,1,22.0,3.32,3.83,1.307,0.599,168.75,
2026-09-01T22:14:00,73.8,73.8,1,22.0,3.03,3.87,1.31,0.598,168.8,
2026-09-01T22:15:00,74.11,74.1,1,22.0,3.49,3.86,1.312,0.6,168.86,
2026-09-01T22:16:00,74.42,74.4,1,22.0,3.2,3.85,1.307,0.6,168.91,
2026-09-01T22:17:00,74.74,74.7,1,22.0,3.17,3.84,1.31,0.599,168.96,
2026-09-01T22:18:00,75.05,75.1,1,22.0,3.29,3.84,1.311,0.599,169.02,
2026-09-01T22:19:00,75.36,75.4,1,22.0,3.21,3.87,1.313,0.599,169.07,
2026-09-01T22:20:00,75.68,75.7,1,22.0,2.78,3.85,1.313,0.599,169.12,
2026-09-01T22:21:00,76.0,76.0,1,22.0,2.83,3.89,1.311,0.599,169.16,
2026-09-01T22:22:00,76.32,76.3,1,22.0,3.17,3.85,1.308,0.597,169.22,
2026-09-01T22:23:00,76.63,76.6,1,22.0,3.03,3.88,1.309,0.596,169.27,
2026-09-01T22:24:00,76.96,77.0,1,22.0,2.65,3.85,1.31,0.594,169.31,
2026-09-01T22:25:00,77.27,77.3,1,22.0,2.94,3.86,1.309,0.595,169.36,
2026-09-01T22:26:00,77.6,77.6,1,22.0,2.61,3.89,1.306,0.594,169.4,
2026-09-01T22:27:00,77.91,77.9,1,22.0,2.96,3.86,1.305,0.592,169.45,
2026-09-01T22:28:00,78.24,78.2,1,22.0,2.61,3.89,1.308,0.59,169.5,
2026-09-01T22:29:00,78.56,78.6,1,22.0,2.65,3.9,1.307,0.591,169.54,
2026-09-01T22:30:00,78.88,78.9,1,22.0,2.59,3.89,1.305,0.589,169.58,
2026-09-01T22:31:00,79.21,79.2,1,22.0,2.53,3.88,1.307,0.59,169.63,
2026-09-01T22:32:00,79.53,79.5,1,22.0,2.72,3.9,1.309,0.59,169.67,
2026-09-01T22:33:00,79.85,79.9,1,22.0,2.69,3.88,1.311,0.59,169.72,
2026-09-01T22:34:00,80.18,80.2,1,22.0,2.36,3.88,1.31,0.589,169.76,
2026-09-01T22:35:00,80.5,80.5,1,22.0,2.42,3.89,1.312,0.59,169.8,
2026-09-01T22:36:00,80.83,80.8,1,22.0,2.58,3.86,1.316,0.591,169.84,
2026-09-01T22:37:00,81.16,81.2,1,22.0,2.2,3.88,1.313,0.59,169.88,
2026-09-01T22:38:00,81.48,81.5,1,22.0,2.62,3.88,1.308,0.589,169.92,
2026-09-01T22:39:00,81.81,81.8,1,22.0,2.25,3.87,1.304,0.587,169.96,
2026-09-01T22:40:00,82.14,82.1,1,22.0,2.3,3.93,1.305,0.587,169.99,
2026-09-01T22:41:00,82.47,82.5,1,22.0,2.34,3.91,1.306,0.587,170.03,
2026-09-01T22:42:00,82.79,82.8,1,22.0,2.51,3.91,1.307,0.588,170.08,
2026-09-01T22:43:00,83.12,83.1,1,22.0,2.25,3.88,1.309,0.588,170.11,
2026-09-01T22:44:00,83.45,83.4,1,22.0,2.39,3.88,1.304,0.59,170.15,
2026-09-01T22:45:00,83.78,83.8,1,22.0,2.27,3.9,1.302,0.59,170.19,
2026-09-01T22:46:00,84.11,84.1,1,22.0,2.06,3.88,1.299,0.588,170.23,
2026-09-01T22:47:00,84.44,84.4,1,22.0,1.96,3.89,1.304,0.59,170.26,
2026-09-01T22:48:00,84.77,84.8,1,22.0,2.27,3.89,1.303,0.59,170.3,
2026-09-01T22:49:00,85.1,85.1,1,22.0,2.17,3.9,1.305,0.591,170.33,
2026-09-01T22:50:00,85.07,85.1,0,0.0,1.93,3.89,1.303,0.591,170.36,
2026-09-01T22:51:00,85.03,85.0,0,0.0,2.22,3.92,1.302,0.59,170.4,
2026-09-01T22:52:00,84.99,85.0,0,0.0,2.25,3.89,1.303,0.589,170.44,
2026-09-01T22:53:00,84.96,85.0,0,0.0,1.92,3.94,1.304,0.589,170.47,
2026-09-01T22:54:00,84.93,84.9,0,0.0,1.92,3.91,1.3,0.59,170.5,
2026-09-01T22:55:00,84.9,84.9,0,0.0,1.83,3.91,1.304,0.589,170.53,
2026-09-01T22:56:00,84.87,84.9,0,0.0,2.1,3.93,1.308,0.588,170.57,
2026-09-01T22:57:00,84.83,84.8,0,0.0,2.08,3.91,1.31,0.587,170.6,
2026-09-01T22:58:00,84.8,84.8,0,0.0,2.12,3.91,1.313,0.588,170.64,
2026-09-01T22:59:00,84.76,84.8,0,0.0,2.02,3.94,1.312,0.588,170.67,
2026-09-01T23:00:00,84.73,84.7,0,0.0,1.89,3.92,1.307,0.587,170.7,
2026-09-01T23:01:00,84.7,84.7,0,0.0,1.74,3.9,1.309,0.588,170.73,
2026-09-01T23:02:00,84.67,84.7,0,0.0,2.05,3.92,1.306,0.589,170.77,
2026-09-01T23:03:00,84.64,84.6,0,0.0,1.78,3.95,1.306,0.59,170.8,
2026-09-01T23:04:00,84.61,84.6,0,0.0,1.65,3.95,1.304,0.589,170.82,
2026-09-01T23:05:00,84.58,84.6,0,0.0,1.67,3.94,1.307,0.59,170.85,
2026-09-01T23:06:00,84.55,84.6,0,0.0,1.65,3.95,1.307,0.592,170.88,
2026-09-01T23:07:00,84.53,84.5,0,0.0,1.73,3.95,1.305,0.591,170.91,
2026-09-01T23:08:00,84.49,84.5,0,0.0,1.93,3.92,1.309,0.589,170.94,
2026-09-01T23:09:00,84.46,84.5,0,0.0,1.75,3.9,1.311,0.587,170.97,
2026-09-01T23:10:00,84.43,84.4,0,0.0,1.87,3.9,1.308,0.587,171.0,
2026-09-01T23:11:00,84.41,84.4,0,0.0,1.64,3.93,1.305,0.588,171.03,
2026-09-01T23:12:00,84.38,84.4,0,0.0,1.58,3.95,1.306,0.588,171.05,
2026-09-01T23:13:00,84.35,84.4,0,0.0,1.75,3.93,1.309,0.589,171.08,
2026-09-01T23:14:00,84.32,84.3,0,0.0,1.7,3.9,1.309,0.587,171.11,
2026-09-01T23:15:00,84.29,84.3,0,0.0,1.71,3.92,1.314,0.586,171.14,
2026-09-01T23:16:00,84.26,84.3,0,0.0,1.79,3.94,1.314,0.585,171.17,
2026-09-01T23:17:00,84.23,84.2,0,0.0,1.8,3.94,1.311,0.587,171.2,
2026-09-01T23:18:00,84.21,84.2,0,0.0,1.54,3.94,1.307,0.586,171.23,
2026-09-01T23:19:00,84.18,84.2,0,0.0,1.72,3.92,1.307,0.587,171.25,
2026-09-01T23:20:00,84.15,84.2,0,0.0,1.61,3.92,1.309,0.586,171.28,
2026-09-01T23:21:00,84.13,84.1,0,0.0,1.49,3.96,1.311,0.586,171.31,
2026-09-01T23:22:00,84.1,84.1,0,0.0,1.57,3.94,1.306,0.586,171.33,
2026-09-01T23:23:00,84.08,84.1,0,0.0,1.48,3.94,1.305,0.587,171.36,
2026-09-01T23:24:00,84.05,84.1,0,0.0,1.6,3.91,1.305,0.585,171.38,
2026-09-01T23:25:00,84.03,84.0,0,0.0,1.47,3.93,1.306,0.587,171.41,
2026-09-01T23:26:00,84.0,84.0,0,0.0,1.5,3.93,1.303,0.589,171.43,
2026-09-01T23:27:00,83.97,84.0,0,0.0,1.6,3.92,1.307,0.589,171.46,
2026-09-01T23:28:00,83.95,83.9,0,0.0,1.46,3.92,1.303,0.591,171.48,
2026-09-01T23:29:00,83.92,83.9,0,0.0,1.54,3.91,1.299,0.59,171.51,
2026-09-01T23:30:00,83.9,83.9,0,0.0,1.44,3.92,1.299,0.588,171.53,
2026-09-01T23:31:00,83.88,83.9,0,0.0,1.46,3.91,1.303,0.589,171.56,
2026-09-01T23:32:00,83.85,83.9,0,0.0,1.38,3.96,1.3,0.588,171.58,
2026-09-01T23:33:00,83.83,83.8,0,0.0,1.48,3.96,1.304,0.588,171.61,
2026-09-01T23:34:00,83.8,83.8,0,0.0,1.48,3.95,1.306,0.587,171.63,
2026-09-01T23:35:00,83.78,83.8,0,0.0,1.41,3.94,1.307,0.588,171.65,
2026-09-01T23:36:00,83.76,83.8,0,0.0,1.43,3.95,1.303,0.588,171.68,
2026-09-01T23:37:00,83.73,83.7,0,0.0,1.54,3.93,1.304,0.587,171.7,
2026-09-01T23:38:00,83.71,83.7,0,0.0,1.43,3.93,1.303,0.589,171.73,
2026-09-01T23:39:00,83.68,83.7,0,0.0,1.45,3.96,1.3,0.59,171.75,
2026-09-01T23:40:00,83.66,83.7,0,0.0,1.29,3.92,1.304,0.589,171.77,
2026-09-01T23:41:00,83.63,83.6,0,0.0,1.55,3.91,1.305,0.587,171.8,
2026-09-01T23:42:00,83.61,83.6,0,0.0,1.46,3.91,1.308,0.588,171.82,
2026-09-01T23:43:00,83.59,83.6,0,0.0,1.37,3.95,1.307,0.589,171.85,
2026-09-01T23:44:00,83.56,83.6,0,0.0,1.47,3.96,1.306,0.589,171.87,
2026-09-01T23:45:00,83.54,83.5,0,0.0,1.34,3.95,1.303,0.591,171.89,
2026-09-01T23:46:00,83.52,83.5,0,0.0,1.3,3.96,1.301,0.591,171.91,
2026-09-01T23:47:00,83.5,83.5,0,0.0,1.42,3.94,1.305,0.59,171.94,
2026-09-01T23:48:00,83.47,83.5,0,0.0,1.26,3.92,1.302,0.588,171.96,
2026-09-01T23:49:00,83.45,83.5,0,0.0,1.32,3.93,1.3,0.588,171.98,
2026-09-01T23:50:00,83.43,83.4,0,0.0,1.41,3.92,1.299,0.589,172.0,
2026-09-01T23:51:00,83.41,83.4,0,0.0,1.46,3.93,1.3,0.59,172.03,
2026-09-01T23:52:00,83.38,83.4,0,0.0,1.48,3.93,1.297,0.588,172.05,
2026-09-01T23:53:00,83.36,83.4,0,0.0,1.22,3.96,1.298,0.587,172.07,
2026-09-01T23:54:00,83.34,83.3,0,0.0,1.47,3.95,1.294,0.587,172.1,
2026-09-01T23:55:00,83.31,83.3,0,0.0,1.25,3.92,1.29,0.588,172.12,
2026-09-01T23:56:00,83.29,83.3,0,0.0,1.44,3.94,1.285,0.587,172.14,
2026-09-01T23:57:00,83.27,83.3,0,0.0,1.31,3.96,1.281,0.588,172.16,
2026-09-01T23:58:00,83.25,83.2,0,0.0,1.27,3.92,1.283,0.587,172.19,
2026-09-01T23:59:00,83.22,83.2,0,0.0,1.43,3.92,1.28,0.585,172.21,
